"06-Sep-2024","EQ","7,255.55","7,395.00","7,255.55","7,244.90","7,314.85","7,317.15","7,328.76","8,192.00","6,187.80","18,42,827","13,50,56,29,079.25","1,66,279"
"05-Sep-2024","EQ","7,320.00","7,326.65","7,193.00","7,299.50","7,235.00","7,244.90","7,246.10","8,192.00","6,187.80","6,73,447","4,87,98,64,215.35","77,709"
"04-Sep-2024","EQ","7,254.95","7,377.00","7,245.25","7,353.80","7,297.90","7,299.50","7,307.13","8,192.00","6,187.80","8,86,746","6,47,95,69,195.65","79,615"
"03-Sep-2024","EQ","7,460.00","7,460.00","7,206.10","7,440.05","7,338.50","7,353.80","7,311.48","8,192.00","6,187.80","18,98,656","13,88,19,84,350.05","1,65,740"
"02-Sep-2024","EQ","7,274.00","7,450.00","7,229.00","7,200.15","7,420.00","7,440.05","7,374.26","8,192.00","6,187.80","22,96,378","16,93,40,82,436.55","2,09,089"
"30-Aug-2024","EQ","7,071.05","7,215.05","7,071.05","7,063.55","7,210.00","7,200.15","7,177.87","8,192.00","6,187.80","20,44,367","14,67,42,02,525.30","1,52,391"
"29-Aug-2024","EQ","6,889.05","7,158.00","6,881.55","6,900.00","7,066.65","7,063.55","7,067.96","8,192.00","6,187.80","26,39,159","18,65,34,71,149.90","2,41,887"
"28-Aug-2024","EQ","6,876.00","6,917.00","6,852.00","6,863.60","6,900.00","6,900.00","6,888.81","8,192.00","6,187.80","8,48,986","5,84,85,04,187.75","78,498"
"27-Aug-2024","EQ","6,778.35","6,873.35","6,730.00","6,778.35","6,865.00","6,863.60","6,817.94","8,192.00","6,187.80","20,35,902","13,88,06,53,632.65","1,37,988"
"26-Aug-2024","EQ","6,776.00","6,819.00","6,756.05","6,735.85","6,782.00","6,778.35","6,784.13","8,192.00","6,187.80","8,98,343","6,09,44,76,482.90","69,051"
"23-Aug-2024","EQ","6,755.00","6,762.00","6,704.95","6,743.60","6,732.00","6,735.85","6,736.95","8,192.00","6,187.80","6,18,045","4,16,37,36,372.50","55,305"
"22-Aug-2024","EQ","6,750.00","6,765.00","6,723.90","6,735.35","6,745.00","6,743.60","6,746.48","8,192.00","6,187.80","7,28,260","4,91,31,91,079.25","79,471"
"21-Aug-2024","EQ","6,721.95","6,747.30","6,695.00","6,722.20","6,734.00","6,735.35","6,730.52","8,192.00","6,187.80","6,33,111","4,26,11,69,264.10","61,864"
"20-Aug-2024","EQ","6,647.35","6,773.90","6,616.35","6,616.35","6,710.40","6,722.20","6,714.28","8,192.00","6,187.80","9,57,159","6,42,66,35,507.05","1,15,658"
"19-Aug-2024","EQ","6,638.00","6,656.00","6,593.60","6,590.90","6,619.00","6,616.35","6,617.09","8,192.00","6,187.80","5,28,730","3,49,86,55,983.40","61,108"
"16-Aug-2024","EQ","6,505.00","6,600.00","6,425.00","6,458.50","6,585.95","6,590.90","6,518.16","8,192.00","6,187.80","7,53,419","4,91,09,03,764.30","92,530"
"14-Aug-2024","EQ","6,482.50","6,489.95","6,430.95","6,465.05","6,474.00","6,458.50","6,454.93","8,192.00","6,187.80","7,74,276","4,99,78,95,619.30","90,976"
"13-Aug-2024","EQ","6,644.95","6,644.95","6,452.20","6,608.15","6,480.00","6,465.05","6,531.48","8,192.00","6,187.80","10,72,327","7,00,38,86,318.05","1,20,346"
"12-Aug-2024","EQ","6,619.10","6,645.00","6,564.05","6,618.20","6,600.00","6,608.15","6,608.56","8,192.00","6,187.80","6,74,887","4,46,00,33,263.25","57,291"
"09-Aug-2024","EQ","6,700.00","6,700.00","6,591.00","6,582.20","6,625.00","6,618.20","6,613.81","8,192.00","6,187.80","6,99,490","4,62,62,92,347.20","68,270"
"08-Aug-2024","EQ","6,625.05","6,678.05","6,571.35","6,637.15","6,578.00","6,582.20","6,616.64","8,192.00","6,187.80","6,90,389","4,56,80,57,247.85","69,608"
"07-Aug-2024","EQ","6,600.00","6,659.35","6,581.10","6,538.35","6,634.00","6,637.15","6,631.03","8,192.00","6,187.80","4,64,284","3,07,86,81,121.25","50,099"
"06-Aug-2024","EQ","6,626.00","6,697.00","6,511.50","6,596.70","6,554.90","6,538.35","6,583.77","8,192.00","6,187.80","8,91,828","5,87,15,90,364.80","89,592"
"05-Aug-2024","EQ","6,650.00","6,650.00","6,532.60","6,725.00","6,600.00","6,596.70","6,587.04","8,192.00","6,187.80","9,44,041","6,21,84,35,946.90","96,566"
"02-Aug-2024","EQ","6,725.00","6,750.00","6,673.10","6,771.65","6,720.80","6,725.00","6,723.48","8,192.00","6,187.80","6,22,218","4,18,34,69,919.40","78,327"
"01-Aug-2024","EQ","6,831.50","6,844.00","6,750.00","6,806.95","6,768.00","6,771.65","6,793.27","8,192.00","6,187.80","8,39,523","5,70,31,10,032.25","79,045"
"31-Jul-2024","EQ","6,826.95","6,855.00","6,793.00","6,823.60","6,809.45","6,806.95","6,821.38","8,192.00","6,187.80","8,89,659","6,06,86,99,460.50","72,380"
"30-Jul-2024","EQ","6,812.45","6,899.00","6,783.00","6,812.45","6,807.10","6,823.60","6,840.00","8,192.00","6,187.80","11,79,413","8,06,71,89,280.90","1,45,013"
"29-Jul-2024","EQ","6,823.85","6,855.00","6,765.75","6,789.75","6,820.00","6,812.45","6,814.64","8,192.00","6,187.80","7,48,565","5,10,12,01,683.90","1,07,143"
"26-Jul-2024","EQ","6,675.05","6,808.40","6,667.10","6,647.75","6,799.50","6,789.75","6,766.26","8,192.00","6,187.80","11,10,184","7,51,17,91,200.10","1,44,585"
"25-Jul-2024","EQ","6,560.00","6,666.00","6,551.45","6,607.15","6,660.00","6,647.75","6,624.67","8,192.00","6,187.80","9,50,965","6,29,98,30,192.90","87,496"
"24-Jul-2024","EQ","6,630.00","6,654.70","6,541.05","6,727.10","6,614.90","6,607.15","6,582.68","8,192.00","6,187.80","31,00,626","20,41,04,39,669.35","3,03,652"
"23-Jul-2024","EQ","6,934.00","6,944.85","6,620.00","6,884.25","6,728.00","6,727.10","6,762.85","8,192.00","6,187.80","19,32,212","13,06,72,60,412.85","2,03,731"
"22-Jul-2024","EQ","6,932.00","6,958.60","6,849.40","6,932.30","6,892.00","6,884.25","6,906.89","8,192.00","6,187.80","5,75,193","3,97,27,96,913.85","52,812"
"19-Jul-2024","EQ","7,110.00","7,110.00","6,910.00","7,110.00","6,923.00","6,932.30","6,994.75","8,192.00","6,187.80","9,38,598","6,56,52,58,706.05","97,716"
"18-Jul-2024","EQ","7,047.10","7,117.90","6,971.15","7,059.10","7,104.00","7,110.00","7,059.68","8,192.00","6,187.80","8,64,605","6,10,38,33,864.20","1,03,410"
"16-Jul-2024","EQ","7,080.00","7,090.00","7,005.20","7,063.75","7,045.00","7,059.10","7,056.65","8,192.00","6,187.80","5,58,200","3,93,90,23,748.00","52,732"
"15-Jul-2024","EQ","7,020.05","7,085.00","6,995.25","7,004.30","7,060.00","7,063.75","7,052.13","8,192.00","6,187.80","5,33,373","3,76,14,16,959.10","55,149"
"12-Jul-2024","EQ","6,996.95","7,045.00","6,915.05","6,950.30","7,008.00","7,004.30","6,989.82","8,192.00","6,187.80","10,68,833","7,47,09,50,108.15","1,06,238"
"11-Jul-2024","EQ","7,087.90","7,087.90","6,930.00","7,054.95","6,958.80","6,950.30","6,971.42","8,192.00","6,187.80","9,71,801","6,77,48,35,936.60","1,10,645"
"10-Jul-2024","EQ","7,068.00","7,129.35","7,021.00","7,068.05","7,045.00","7,054.95","7,068.22","8,192.00","6,187.80","8,09,714","5,72,32,33,363.80","80,417"
"09-Jul-2024","EQ","7,109.85","7,142.40","7,042.00","7,098.25","7,055.00","7,068.05","7,073.47","8,192.00","6,187.80","9,73,503","6,88,60,46,000.85","79,828"
"08-Jul-2024","EQ","7,144.95","7,147.65","7,047.00","7,138.00","7,099.00","7,098.25","7,086.97","8,192.00","6,187.80","6,77,705","4,80,28,76,115.10","55,085"
"05-Jul-2024","EQ","7,134.00","7,149.90","7,077.00","7,107.05","7,127.00","7,138.00","7,115.41","8,192.00","6,187.80","9,31,079","6,62,50,12,346.70","89,558"
"04-Jul-2024","EQ","7,301.05","7,325.00","7,100.00","7,258.80","7,109.00","7,107.05","7,182.11","8,192.00","6,187.80","18,97,977","13,63,14,86,626.25","1,33,300"
"03-Jul-2024","EQ","7,189.95","7,284.65","7,170.00","7,165.60","7,265.40","7,258.80","7,234.45","8,192.00","6,187.80","8,36,393","6,05,08,44,929.95","82,895"
"02-Jul-2024","EQ","7,275.00","7,275.95","7,122.00","7,276.75","7,158.80","7,165.60","7,173.56","8,192.00","6,187.80","12,81,027","9,18,95,27,030.40","1,28,205"
"01-Jul-2024","EQ","7,075.00","7,304.00","7,075.00","7,115.55","7,262.20","7,276.75","7,215.10","8,192.00","6,187.80","7,72,745","5,57,54,35,152.85","70,472"
"28-Jun-2024","EQ","7,165.00","7,226.00","7,105.30","7,166.75","7,119.00","7,115.55","7,145.35","8,192.00","6,187.80","8,29,584","5,92,76,71,837.80","92,953"
"27-Jun-2024","EQ","7,150.00","7,239.00","7,083.05","7,158.20","7,170.00","7,166.75","7,162.92","8,192.00","6,187.80","11,37,606","8,14,85,78,517.55","1,38,114"
"26-Jun-2024","EQ","7,070.00","7,179.25","7,035.00","7,074.45","7,148.00","7,158.20","7,118.57","8,192.00","6,187.80","9,12,552","6,49,60,64,378.15","90,882"
"25-Jun-2024","EQ","7,101.00","7,140.00","6,998.00","7,081.85","7,082.05","7,074.45","7,062.32","8,192.00","6,187.80","15,60,811","11,02,29,40,326.15","1,55,247"
"24-Jun-2024","EQ","7,076.00","7,106.95","7,020.55","7,134.25","7,084.80","7,081.85","7,069.34","8,192.00","6,187.80","6,35,654","4,49,36,52,338.35","59,207"
"21-Jun-2024","EQ","7,239.30","7,265.00","7,075.00","7,207.10","7,113.00","7,134.25","7,131.59","8,192.00","6,187.80","14,99,818","10,69,60,80,598.05","1,47,750"
"20-Jun-2024","EQ","7,220.00","7,264.90","7,111.00","7,233.95","7,215.00","7,207.10","7,184.01","8,192.00","6,187.80","9,00,158","6,46,67,46,499.10","1,10,362"
"19-Jun-2024","EQ","7,334.70","7,348.95","7,177.90","7,334.70","7,234.15","7,233.95","7,255.43","8,192.00","6,187.80","5,20,400","3,77,57,28,250.45","62,047"
"18-Jun-2024","EQ","7,365.00","7,429.45","7,300.00","7,341.55","7,321.00","7,334.70","7,360.56","8,192.00","6,187.80","9,46,904","6,96,97,48,285.60","97,811"
"14-Jun-2024","EQ","7,296.05","7,370.00","7,247.00","7,294.95","7,340.50","7,341.55","7,326.50","8,192.00","6,187.80","11,87,488","8,70,01,31,590.00","93,722"
"13-Jun-2024","EQ","7,252.20","7,325.00","7,232.15","7,217.75","7,289.00","7,294.95","7,287.98","8,192.00","6,187.80","13,45,495","9,80,59,40,005.85","1,02,871"
"12-Jun-2024","EQ","7,148.00","7,277.00","7,115.00","7,138.10","7,225.00","7,217.75","7,226.06","8,192.00","6,187.80","12,68,508","9,16,63,20,923.85","1,12,607"
"11-Jun-2024","EQ","7,083.00","7,169.00","7,051.00","7,088.85","7,149.00","7,138.10","7,130.46","8,192.00","6,187.80","12,05,213","8,59,37,20,571.70","1,13,947"
"10-Jun-2024","EQ","7,250.00","7,250.00","7,075.25","7,191.40","7,081.55","7,088.85","7,141.92","8,192.00","6,187.80","8,72,318","6,23,00,23,590.95","89,665"
"07-Jun-2024","EQ","6,995.00","7,299.00","6,941.00","6,925.80","7,175.00","7,191.40","7,159.15","8,192.00","6,187.80","29,84,052","21,36,32,81,429.45","2,25,585"
"06-Jun-2024","EQ","6,850.00","7,012.95","6,822.30","6,836.65","6,924.00","6,925.80","6,932.58","8,192.00","6,187.80","14,65,716","10,16,11,91,156.50","1,59,320"
"05-Jun-2024","EQ","6,604.00","6,862.00","6,535.55","6,509.55","6,836.00","6,836.65","6,722.32","8,192.00","6,187.80","12,18,517","8,19,12,56,807.30","1,35,988"
"04-Jun-2024","EQ","6,915.95","6,915.95","6,375.70","6,915.55","6,550.00","6,509.55","6,622.74","8,192.00","6,187.80","32,99,387","21,85,09,87,461.40","3,25,423"
"03-Jun-2024","EQ","6,948.85","6,988.70","6,832.95","6,697.70","6,920.00","6,915.55","6,926.55","8,192.00","6,187.80","11,48,212","7,95,31,49,496.25","1,09,211"
"31-May-2024","EQ","6,664.95","6,771.95","6,642.40","6,616.45","6,732.50","6,697.70","6,708.89","8,192.00","6,187.80","28,41,733","19,06,48,83,447.35","1,50,667"
"30-May-2024","EQ","6,779.90","6,798.95","6,594.05","6,806.70","6,629.90","6,616.45","6,666.81","8,192.00","6,187.80","11,55,575","7,70,39,99,997.40","1,50,041"
"29-May-2024","EQ","6,878.00","6,908.00","6,785.35","6,873.05","6,791.65","6,806.70","6,854.68","8,192.00","6,187.80","7,21,331","4,94,44,92,572.10","60,716"
"28-May-2024","EQ","6,913.95","6,945.00","6,856.90","6,895.50","6,880.00","6,873.05","6,900.63","8,192.00","6,187.80","7,52,867","5,19,52,54,896.95","89,685"
"27-May-2024","EQ","6,859.00","6,959.55","6,810.00","6,836.90","6,895.00","6,895.50","6,904.55","8,192.00","6,187.80","6,55,471","4,52,57,29,414.85","71,066"
"24-May-2024","EQ","6,820.00","6,910.00","6,793.00","6,826.65","6,828.80","6,836.90","6,863.45","8,192.00","6,187.80","7,42,043","5,09,29,72,278.55","82,955"
"23-May-2024","EQ","6,759.55","6,853.50","6,730.05","6,744.55","6,825.00","6,826.65","6,801.70","8,192.00","6,187.80","7,09,317","4,82,45,61,943.30","89,812"
"22-May-2024","EQ","6,777.45","6,777.45","6,727.25","6,742.85","6,754.00","6,744.55","6,752.79","8,192.00","6,187.80","4,16,046","2,80,94,71,430.75","44,244"
"21-May-2024","EQ","6,705.00","6,785.00","6,705.00","6,738.00","6,755.00","6,742.85","6,738.25","8,192.00","6,187.80","7,61,624","5,13,20,10,176.80","83,977"
"18-May-2024","EQ","6,725.00","6,758.00","6,725.00","6,727.40","6,739.00","6,738.00","6,740.49","8,192.00","6,187.80","49,892","33,62,96,646.75","5,268"
"17-May-2024","EQ","6,747.00","6,780.00","6,701.05","6,747.15","6,731.95","6,727.40","6,739.52","8,192.00","6,187.80","4,80,158","3,23,60,35,649.30","62,588"
"16-May-2024","EQ","6,700.35","6,762.10","6,623.05","6,680.00","6,731.00","6,747.15","6,684.20","8,192.00","6,187.80","10,59,851","7,08,42,52,921.10","1,36,756"
"15-May-2024","EQ","6,692.00","6,731.95","6,645.05","6,675.70","6,681.00","6,680.00","6,675.87","8,192.00","6,187.80","5,95,059","3,97,25,36,173.30","66,399"
"14-May-2024","EQ","6,710.00","6,741.85","6,657.60","6,718.75","6,682.00","6,675.70","6,689.29","8,192.00","6,187.80","7,55,840","5,05,60,31,121.20","80,752"
"13-May-2024","EQ","6,684.00","6,744.30","6,620.00","6,684.15","6,725.00","6,718.75","6,688.00","8,192.00","6,187.80","5,12,256","3,42,59,68,285.35","57,932"
"10-May-2024","EQ","6,638.90","6,698.00","6,601.20","6,605.15","6,675.00","6,684.15","6,653.91","8,192.00","6,187.80","8,24,908","5,48,88,63,432.75","89,183"
"09-May-2024","EQ","6,799.90","6,832.70","6,585.00","6,799.45","6,604.40","6,605.15","6,689.68","8,192.00","6,187.80","13,81,115","9,23,92,14,211.75","1,99,714"
"08-May-2024","EQ","6,871.50","6,879.55","6,785.00","6,872.55","6,805.90","6,799.45","6,823.03","8,192.00","6,187.80","7,25,925","4,95,30,05,007.50","78,311"
"07-May-2024","EQ","6,889.95","6,943.10","6,788.00","6,859.85","6,880.00","6,872.55","6,860.79","8,192.00","6,187.80","12,98,126","8,90,61,68,074.60","1,58,816"
"06-May-2024","EQ","7,007.95","7,019.95","6,845.00","6,931.50","6,868.00","6,859.85","6,917.67","8,192.00","6,187.80","12,29,988","8,50,86,47,259.10","1,34,596"
"03-May-2024","EQ","7,329.00","7,400.00","6,906.95","6,882.70","6,927.00","6,931.50","7,142.34","8,192.00","6,155.95","68,18,601","48,70,07,67,184.40","6,20,830"
"02-May-2024","EQ","6,937.85","6,969.95","6,865.00","6,923.55","6,895.00","6,882.70","6,907.16","8,192.00","6,155.95","11,39,572","7,87,12,03,308.15","1,41,680"
"30-Apr-2024","EQ","6,829.95","6,975.00","6,821.95","6,826.60","6,903.05","6,923.55","6,906.11","8,192.00","6,155.95","17,98,675","12,42,18,45,001.05","1,78,938"
"29-Apr-2024","EQ","6,789.95","6,839.60","6,713.05","6,731.20","6,820.00","6,826.60","6,783.41","8,192.00","6,155.95","16,81,030","11,40,31,21,434.25","1,68,091"
"26-Apr-2024","EQ","7,000.00","7,000.00","6,691.50","7,294.90","6,730.80","6,731.20","6,789.81","8,192.00","5,877.00","58,14,723","39,48,08,73,196.00","5,71,297"
"25-Apr-2024","EQ","7,330.00","7,364.85","7,125.10","7,329.15","7,296.00","7,294.90","7,275.33","8,192.00","5,877.00","11,73,354","8,53,65,37,811.90","1,28,179"
"24-Apr-2024","EQ","7,283.00","7,419.45","7,250.00","7,259.90","7,317.15","7,329.15","7,330.78","8,192.00","5,877.00","8,86,929","6,50,18,81,232.00","68,112"
"23-Apr-2024","EQ","7,309.00","7,339.90","7,236.80","7,292.20","7,241.00","7,259.90","7,281.84","8,192.00","5,877.00","10,81,567","7,87,57,96,849.70","83,420"
"22-Apr-2024","EQ","7,167.30","7,306.00","7,167.30","7,119.50","7,300.00","7,292.20","7,259.62","8,192.00","5,877.00","11,65,272","8,45,94,36,651.10","83,119"
"19-Apr-2024","EQ","6,840.05","7,150.00","6,810.05","6,893.20","7,110.00","7,119.50","6,993.40","8,192.00","5,828.00","12,18,375","8,52,05,84,081.50","1,30,411"
"18-Apr-2024","EQ","6,928.10","6,995.00","6,866.00","6,954.25","6,895.00","6,893.20","6,914.00","8,192.00","5,828.00","13,85,133","9,57,68,14,620.95","1,37,063"
"16-Apr-2024","EQ","7,009.95","7,034.30","6,931.00","7,076.25","6,956.55","6,954.25","6,969.10","8,192.00","5,828.00","9,63,293","6,71,32,85,527.00","93,098"
"15-Apr-2024","EQ","7,145.05","7,198.80","7,063.45","7,229.55","7,065.00","7,076.25","7,125.80","8,192.00","5,828.00","7,58,448","5,40,45,48,928.15","68,913"
"12-Apr-2024","EQ","7,224.00","7,264.00","7,156.30","7,230.25","7,210.00","7,229.55","7,218.76","8,192.00","5,786.00","10,92,588","7,88,71,26,736.50","1,20,592"
"10-Apr-2024","EQ","7,235.90","7,254.00","7,160.00","7,193.60","7,219.85","7,230.25","7,210.99","8,192.00","5,786.00","5,67,986","4,09,57,43,503.75","58,478"
"09-Apr-2024","EQ","7,220.00","7,235.35","7,124.50","7,178.55","7,189.00","7,193.60","7,184.53","8,192.00","5,786.00","7,10,281","5,10,30,32,470.10","79,057"
"08-Apr-2024","EQ","7,215.00","7,226.95","7,142.80","7,175.65","7,180.00","7,178.55","7,175.43","8,192.00","5,786.00","5,18,210","3,71,83,81,437.30","51,026"
"05-Apr-2024","EQ","7,234.75","7,259.00","7,156.00","7,283.40","7,189.65","7,175.65","7,195.21","8,192.00","5,632.20","12,00,494","8,63,78,07,717.85","1,05,538"
"04-Apr-2024","EQ","7,345.00","7,350.00","7,255.00","7,309.25","7,291.95","7,283.40","7,308.48","8,192.00","5,632.20","10,40,589","7,60,51,20,211.00","1,38,082"
"03-Apr-2024","EQ","7,197.00","7,323.35","7,186.15","7,207.40","7,314.00","7,309.25","7,269.95","8,192.00","5,632.20","9,58,943","6,97,14,67,716.80","80,725"
"02-Apr-2024","EQ","7,250.95","7,255.00","7,135.00","7,250.95","7,223.00","7,207.40","7,194.48","8,192.00","5,632.20","9,67,615","6,96,14,83,440.25","1,07,512"
"01-Apr-2024","EQ","7,261.25","7,343.45","7,220.05","7,245.25","7,243.95","7,250.95","7,286.11","8,192.00","5,632.20","11,25,238","8,19,86,04,277.35","82,651"
"28-Mar-2024","EQ","7,032.10","7,349.30","7,032.10","7,022.75","7,235.05","7,245.25","7,247.76","8,192.00","5,522.70","35,74,518","25,90,72,57,217.55","3,28,451"
"27-Mar-2024","EQ","6,945.75","7,049.00","6,905.00","6,910.10","7,029.00","7,022.75","6,987.02","8,192.00","5,522.70","15,51,275","10,83,87,88,558.90","1,22,654"
"26-Mar-2024","EQ","6,754.50","6,945.00","6,745.00","6,760.90","6,925.00","6,910.10","6,902.09","8,192.00","5,522.70","18,50,321","12,77,10,90,831.20","1,59,954"
"22-Mar-2024","EQ","6,705.00","6,803.00","6,686.30","6,715.75","6,763.00","6,760.90","6,759.84","8,192.00","5,485.70","11,25,238","7,60,64,28,261.65","1,21,585"
"21-Mar-2024","EQ","6,707.50","6,771.65","6,657.15","6,649.50","6,710.00","6,715.75","6,711.96","8,192.00","5,485.70","18,06,092","12,12,24,11,866.90","1,72,301"
"20-Mar-2024","EQ","6,610.00","6,731.00","6,606.00","6,596.25","6,653.00","6,649.50","6,674.65","8,192.00","5,485.70","14,90,831","9,95,07,82,490.00","1,42,973"
"19-Mar-2024","EQ","6,509.70","6,667.20","6,505.00","6,504.65","6,586.00","6,596.25","6,595.57","8,192.00","5,485.70","14,08,087","9,28,71,31,126.55","1,44,924"
"18-Mar-2024","EQ","6,514.35","6,555.00","6,456.10","6,514.35","6,500.00","6,504.65","6,512.90","8,192.00","5,485.70","6,76,425","4,40,54,85,502.15","56,478"
"15-Mar-2024","EQ","6,375.05","6,578.00","6,360.00","6,397.45","6,485.05","6,514.35","6,494.75","8,192.00","5,485.70","19,70,500","12,79,79,05,664.35","1,45,174"
"14-Mar-2024","EQ","6,456.15","6,470.00","6,297.80","6,456.15","6,380.10","6,397.45","6,402.89","8,192.00","5,485.70","12,19,865","7,81,06,55,558.50","1,67,464"
"13-Mar-2024","EQ","6,439.25","6,514.95","6,391.55","6,436.05","6,450.00","6,456.15","6,460.81","8,192.00","5,485.70","11,32,183","7,31,48,19,135.60","1,17,966"
"12-Mar-2024","EQ","6,405.00","6,485.00","6,341.35","6,433.75","6,449.00","6,436.05","6,431.10","8,192.00","5,485.70","10,94,677","7,03,99,81,336.20","1,24,823"
"11-Mar-2024","EQ","6,550.00","6,552.00","6,404.00","6,421.05","6,430.10","6,433.75","6,453.74","8,192.00","5,485.70","12,03,971","7,77,01,19,488.40","1,17,410"
"07-Mar-2024","EQ","6,350.00","6,468.60","6,325.40","6,311.25","6,428.00","6,421.05","6,420.39","8,192.00","5,485.70","14,69,421","9,43,42,50,491.00","1,25,772"
"06-Mar-2024","EQ","6,332.50","6,345.90","6,187.80","6,324.25","6,307.95","6,311.25","6,259.12","8,192.00","5,485.70","21,04,792","13,17,41,51,475.10","2,14,796"
"05-Mar-2024","EQ","6,602.45","6,636.25","6,272.00","6,602.45","6,333.00","6,324.25","6,410.17","8,192.00","5,485.70","17,17,558","11,00,98,34,235.60","1,88,901"
"04-Mar-2024","EQ","6,588.00","6,639.95","6,557.45","6,584.35","6,604.00","6,602.45","6,603.54","8,192.00","5,485.70","3,97,118","2,62,23,86,545.55","55,312"
"02-Mar-2024","EQ","6,565.00","6,605.00","6,565.00","6,571.45","6,588.00","6,584.35","6,589.41","8,192.00","5,485.70","49,760","32,78,89,288.80","6,277"
"01-Mar-2024","EQ","6,511.75","6,608.70","6,502.10","6,495.35","6,576.00","6,571.45","6,565.52","8,192.00","5,485.70","9,19,080","6,03,42,36,495.65","1,39,301"
"29-Feb-2024","EQ","6,499.00","6,539.00","6,366.20","6,498.70","6,511.75","6,495.35","6,491.14","8,192.00","5,485.70","16,99,098","11,02,90,83,444.10","1,28,058"
"28-Feb-2024","EQ","6,572.00","6,596.75","6,475.00","6,556.25","6,488.00","6,498.70","6,545.06","8,192.00","5,485.70","5,35,321","3,50,37,06,439.45","74,851"
"27-Feb-2024","EQ","6,631.00","6,642.00","6,491.10","6,643.25","6,555.40","6,556.25","6,574.54","8,192.00","5,485.70","11,50,306","7,56,27,28,773.45","1,39,511"
"26-Feb-2024","EQ","6,690.00","6,708.00","6,624.20","6,697.85","6,639.00","6,643.25","6,653.85","8,192.00","5,485.70","8,92,056","5,93,56,04,795.45","95,130"
"23-Feb-2024","EQ","6,674.00","6,719.00","6,632.60","6,674.95","6,690.00","6,697.85","6,680.58","8,192.00","5,485.70","12,80,311","8,55,32,15,685.20","1,17,458"
"22-Feb-2024","EQ","6,691.05","6,706.85","6,561.00","6,688.80","6,698.00","6,674.95","6,619.54","8,192.00","5,485.70","10,22,374","6,76,76,50,264.45","1,37,951"
"21-Feb-2024","EQ","6,790.00","6,790.00","6,665.05","6,763.60","6,672.00","6,688.80","6,724.05","8,192.00","5,485.70","8,54,944","5,74,86,86,331.40","76,709"
"20-Feb-2024","EQ","6,711.90","6,792.00","6,681.25","6,712.80","6,771.00","6,763.60","6,753.48","8,192.00","5,485.70","11,06,709","7,47,41,31,813.05","1,22,472"
"19-Feb-2024","EQ","6,648.90","6,806.90","6,625.30","6,619.20","6,718.25","6,712.80","6,735.88","8,192.00","5,485.70","13,15,881","8,86,36,20,192.10","1,10,193"
"16-Feb-2024","EQ","6,650.05","6,660.00","6,602.00","6,619.40","6,614.00","6,619.20","6,621.07","8,192.00","5,485.70","10,29,431","6,81,59,39,061.65","1,29,947"
"15-Feb-2024","EQ","6,646.00","6,677.40","6,585.65","6,646.50","6,619.95","6,619.40","6,614.91","8,192.00","5,485.70","8,80,859","5,82,68,00,672.45","1,09,034"
"14-Feb-2024","EQ","6,563.85","6,656.00","6,550.00","6,603.65","6,649.00","6,646.50","6,609.19","8,192.00","5,485.70","6,36,126","4,20,42,76,744.15","82,851"
"13-Feb-2024","EQ","6,600.00","6,639.00","6,553.10","6,569.15","6,600.05","6,603.65","6,608.10","8,192.00","5,485.70","9,48,014","6,26,45,70,312.95","1,08,021"
"12-Feb-2024","EQ","6,669.45","6,671.85","6,551.50","6,654.50","6,576.35","6,569.15","6,585.14","8,192.00","5,485.70","5,44,784","3,58,74,77,652.55","64,051"
"09-Feb-2024","EQ","6,580.00","6,677.70","6,572.00","6,575.65","6,654.00","6,654.50","6,644.98","8,192.00","5,485.70","12,09,874","8,03,95,94,330.35","1,24,188"
"08-Feb-2024","EQ","6,731.85","6,737.50","6,536.70","6,709.20","6,585.00","6,575.65","6,606.32","8,192.00","5,485.70","21,93,209","14,48,90,39,760.25","2,13,093"
"07-Feb-2024","EQ","6,641.00","6,737.60","6,625.25","6,598.15","6,720.00","6,709.20","6,682.88","8,192.00","5,485.70","15,38,237","10,27,98,56,230.40","1,52,771"
"06-Feb-2024","EQ","6,648.00","6,699.00","6,535.00","6,608.20","6,599.00","6,598.15","6,604.06","8,192.00","5,485.70","24,39,533","16,11,08,20,931.50","2,32,133"
"05-Feb-2024","EQ","6,894.00","6,895.00","6,600.00","6,848.30","6,626.75","6,608.20","6,723.86","8,192.00","5,485.70","17,71,222","11,90,94,45,509.05","1,97,786"
"02-Feb-2024","EQ","6,755.00","6,910.00","6,753.00","6,743.30","6,877.90","6,848.30","6,844.03","8,192.00","5,485.70","13,67,508","9,35,92,69,260.15","2,06,629"
"01-Feb-2024","EQ","6,865.90","6,879.95","6,733.00","6,862.90","6,746.00","6,743.30","6,784.09","8,192.00","5,485.70","19,11,137","12,96,53,21,707.70","2,31,144"
"31-Jan-2024","EQ","6,820.00","6,921.00","6,812.00","6,817.20","6,865.90","6,862.90","6,877.07","8,192.00","5,485.70","18,10,512","12,45,10,15,692.60","1,72,859"
"30-Jan-2024","EQ","6,988.50","6,988.50","6,805.00","7,191.65","6,825.00","6,817.20","6,869.72","8,192.00","5,485.70","41,53,147","28,53,09,52,745.75","3,96,405"
"29-Jan-2024","EQ","7,085.50","7,224.95","7,085.10","7,085.50","7,200.00","7,191.65","7,163.15","8,192.00","5,485.70","18,60,361","13,32,60,42,623.25","1,14,690"
"25-Jan-2024","EQ","7,055.30","7,125.80","7,036.00","7,055.30","7,091.00","7,085.50","7,075.30","8,192.00","5,485.70","11,68,349","8,26,64,15,862.50","1,02,634"
"24-Jan-2024","EQ","7,104.00","7,104.00","6,996.80","7,070.70","7,080.00","7,055.30","7,049.02","8,192.00","5,485.70","20,63,675","14,54,68,93,452.55","1,22,779"
"23-Jan-2024","EQ","7,352.90","7,355.00","7,042.60","7,301.30","7,083.00","7,070.70","7,180.32","8,192.00","5,485.70","25,33,297","18,18,98,71,066.15","2,04,647"
"20-Jan-2024","EQ","7,327.75","7,386.30","7,291.00","7,319.10","7,313.00","7,301.30","7,332.58","8,192.00","5,485.70","2,19,358","1,60,84,60,744.25","27,055"
"19-Jan-2024","EQ","7,360.00","7,388.80","7,261.25","7,265.55","7,325.90","7,319.10","7,313.97","8,192.00","5,485.70","8,30,810","6,07,65,20,804.75","92,936"
"18-Jan-2024","EQ","7,296.00","7,351.75","7,234.00","7,358.85","7,274.20","7,265.55","7,281.49","8,192.00","5,485.70","16,86,996","12,28,38,50,683.60","1,75,621"
"17-Jan-2024","EQ","7,303.30","7,478.20","7,302.20","7,456.65","7,367.75","7,358.85","7,388.41","8,192.00","5,485.70","13,80,271","10,19,80,08,011.15","1,14,581"
"16-Jan-2024","EQ","7,475.00","7,614.50","7,427.90","7,478.00","7,445.00","7,456.65","7,518.19","8,192.00","5,485.70","11,94,723","8,98,21,58,409.95","1,38,334"
"15-Jan-2024","EQ","7,697.95","7,697.95","7,454.00","7,661.05","7,477.00","7,478.00","7,524.95","8,192.00","5,485.70","9,97,220","7,50,40,34,264.75","1,07,746"
"12-Jan-2024","EQ","7,684.00","7,718.95","7,617.00","7,669.75","7,639.00","7,661.05","7,660.78","8,192.00","5,485.70","8,08,638","6,19,47,98,776.75","99,544"
"11-Jan-2024","EQ","7,680.00","7,793.30","7,651.05","7,680.55","7,684.00","7,669.75","7,720.83","8,192.00","5,485.70","6,51,741","5,03,19,81,679.15","1,04,639"
"10-Jan-2024","EQ","7,716.00","7,735.25","7,660.00","7,725.45","7,675.00","7,680.55","7,688.85","8,192.00","5,485.70","5,59,072","4,29,86,20,963.05","80,362"
"09-Jan-2024","EQ","7,774.00","7,810.00","7,698.00","7,736.00","7,715.75","7,725.45","7,758.94","8,192.00","5,485.70","12,47,083","9,67,60,43,195.75","1,35,198"
"08-Jan-2024","EQ","7,677.00","7,830.00","7,631.30","7,711.15","7,740.00","7,736.00","7,737.07","8,192.00","5,485.70","11,21,209","8,67,48,73,898.10","1,16,211"
"05-Jan-2024","EQ","7,734.95","7,789.00","7,673.10","7,705.55","7,708.05","7,711.15","7,722.15","8,192.00","5,485.70","10,52,601","8,12,83,38,046.60","1,25,482"
"04-Jan-2024","EQ","7,560.00","7,733.95","7,560.00","7,384.80","7,698.60","7,705.55","7,667.97","8,192.00","5,485.70","29,11,879","22,32,82,14,375.30","2,80,733"
"03-Jan-2024","EQ","7,444.95","7,485.85","7,368.20","7,430.05","7,381.20","7,384.80","7,414.09","8,192.00","5,485.70","5,53,405","4,10,29,93,970.10","70,437"
"02-Jan-2024","EQ","7,324.00","7,445.10","7,280.05","7,299.05","7,432.30","7,430.05","7,372.68","8,192.00","5,485.70","11,12,990","8,20,57,23,494.75","1,09,675"
"01-Jan-2024","EQ","7,336.95","7,336.95","7,273.00","7,327.75","7,286.95","7,299.05","7,304.06","8,192.00","5,485.70","3,31,489","2,42,12,14,793.15","41,730"
"29-Dec-2023","EQ","7,231.65","7,343.00","7,205.15","7,258.65","7,315.00","7,327.75","7,289.44","8,192.00","5,485.70","9,12,802","6,65,38,18,426.40","94,915"
"28-Dec-2023","EQ","7,275.00","7,290.00","7,200.00","7,232.80","7,223.95","7,258.65","7,258.91","8,192.00","5,485.70","18,56,064","13,47,29,95,983.05","1,30,287"
"27-Dec-2023","EQ","7,219.90","7,323.40","7,190.90","7,162.30","7,246.80","7,232.80","7,237.64","8,192.00","5,485.70","16,05,279","11,61,84,32,166.60","1,56,926"
"26-Dec-2023","EQ","7,325.00","7,344.00","7,145.25","7,295.30","7,175.05","7,162.30","7,211.83","8,192.00","5,485.70","12,25,844","8,84,05,76,274.10","1,53,727"
"22-Dec-2023","EQ","7,418.95","7,440.00","7,243.00","7,367.15","7,290.00","7,295.30","7,328.87","8,192.00","5,485.70","11,29,485","8,27,78,50,107.45","1,39,140"
"21-Dec-2023","EQ","7,426.60","7,477.00","7,305.50","7,493.95","7,386.00","7,367.15","7,402.52","8,192.00","5,485.70","9,13,082","6,75,91,11,870.60","92,614"
"20-Dec-2023","EQ","7,650.00","7,695.00","7,460.15","7,632.65","7,481.00","7,493.95","7,583.08","8,192.00","5,485.70","8,74,546","6,63,17,48,125.05","76,507"
"19-Dec-2023","EQ","7,641.00","7,641.60","7,535.00","7,587.60","7,635.00","7,632.65","7,597.28","8,192.00","5,485.70","7,91,408","6,01,25,44,775.95","85,843"
"18-Dec-2023","EQ","7,548.00","7,610.00","7,526.00","7,515.05","7,569.00","7,587.60","7,581.14","8,192.00","5,485.70","10,82,798","8,20,88,39,897.90","87,986"
"15-Dec-2023","EQ","7,528.85","7,528.90","7,445.00","7,474.20","7,514.00","7,515.05","7,488.15","8,192.00","5,485.70","11,73,938","8,79,06,27,893.55","90,181"
"14-Dec-2023","EQ","7,368.50","7,511.25","7,300.10","7,258.00","7,470.55","7,474.20","7,450.68","8,192.00","5,485.70","17,29,567","12,88,64,55,475.95","1,71,061"
"13-Dec-2023","EQ","7,299.85","7,304.50","7,207.00","7,314.55","7,260.00","7,258.00","7,247.77","8,192.00","5,485.70","6,82,955","4,94,99,00,834.15","87,943"
"12-Dec-2023","EQ","7,280.00","7,354.00","7,280.00","7,292.75","7,310.90","7,314.55","7,318.67","8,192.00","5,485.70","6,33,312","4,63,49,99,764.30","1,04,761"
"11-Dec-2023","EQ","7,325.00","7,352.70","7,270.05","7,307.60","7,297.00","7,292.75","7,306.16","8,192.00","5,485.70","5,90,055","4,31,10,34,135.20","62,998"
"08-Dec-2023","EQ","7,390.55","7,398.10","7,274.00","7,391.20","7,310.00","7,307.60","7,316.01","8,192.00","5,485.70","11,44,388","8,37,23,57,200.30","1,06,780"
"07-Dec-2023","EQ","7,390.00","7,440.00","7,326.00","7,427.10","7,392.00","7,391.20","7,391.22","8,192.00","5,485.70","6,68,862","4,94,37,08,125.60","68,110"
"06-Dec-2023","EQ","7,390.00","7,459.00","7,365.05","7,349.80","7,429.00","7,427.10","7,416.37","8,192.00","5,485.70","7,01,800","5,20,48,10,661.40","67,618"
"05-Dec-2023","EQ","7,430.00","7,440.00","7,320.05","7,407.65","7,352.00","7,349.80","7,372.13","8,192.00","5,485.70","15,22,242","11,22,21,59,243.35","1,77,024"
"04-Dec-2023","EQ","7,340.00","7,420.00","7,315.05","7,259.35","7,405.00","7,407.65","7,387.32","8,192.00","5,485.70","11,01,426","8,13,65,88,223.80","97,109"
"01-Dec-2023","EQ","7,160.00","7,279.85","7,142.00","7,121.90","7,248.90","7,259.35","7,218.92","8,192.00","5,485.70","9,00,477","6,50,04,66,993.30","1,16,313"
"30-Nov-2023","EQ","7,132.00","7,163.60","7,085.65","7,130.10","7,130.00","7,121.90","7,116.00","8,192.00","5,485.70","12,71,934","9,05,10,86,797.45","99,955"
"29-Nov-2023","EQ","7,134.00","7,168.60","7,114.05","7,127.55","7,132.00","7,130.10","7,134.10","8,192.00","5,485.70","6,82,430","4,86,85,21,872.60","85,145"
"28-Nov-2023","EQ","7,035.00","7,135.00","7,029.90","7,020.80","7,109.40","7,127.55","7,086.59","8,192.00","5,485.70","7,28,158","5,16,01,55,090.80","1,08,308"
"24-Nov-2023","EQ","7,108.00","7,116.80","7,011.00","7,073.65","7,035.00","7,020.80","7,047.75","8,192.00","5,485.70","7,26,499","5,12,01,86,625.05","87,123"
"23-Nov-2023","EQ","7,135.00","7,160.00","7,056.00","7,128.35","7,075.00","7,073.65","7,106.81","8,192.00","5,485.70","6,06,158","4,30,78,48,049.30","68,992"
"22-Nov-2023","EQ","7,086.45","7,177.85","7,065.50","7,103.15","7,123.00","7,128.35","7,119.50","8,192.00","5,485.70","10,41,404","7,41,42,79,169.55","78,632"
"21-Nov-2023","EQ","7,085.00","7,128.85","7,030.00","7,068.60","7,100.00","7,103.15","7,087.44","8,192.00","5,485.70","16,66,225","11,80,92,75,268.25","1,37,178"
"20-Nov-2023","EQ","7,151.00","7,239.00","7,050.10","7,221.00","7,065.75","7,068.60","7,118.34","8,192.00","5,485.70","19,02,940","13,54,57,76,842.10","1,58,782"
"17-Nov-2023","EQ","7,140.50","7,260.00","7,108.05","7,362.45","7,221.75","7,221.00","7,214.11","8,192.00","5,485.70","20,80,034","15,00,56,01,028.95","1,58,863"
"16-Nov-2023","EQ","6,944.55","7,380.70","6,931.25","7,224.30","7,361.00","7,362.45","7,177.29","8,192.00","5,485.70","45,57,043","32,70,72,40,969.35","2,98,790"
"15-Nov-2023","EQ","7,439.40","7,476.20","7,119.15","7,360.85","7,216.95","7,224.30","7,310.01","8,192.00","5,485.70","19,23,440","14,06,03,72,813.80","1,99,672"
"13-Nov-2023","EQ","7,447.80","7,450.00","7,319.00","7,456.90","7,363.95","7,360.85","7,364.51","8,192.00","5,485.70","7,32,240","5,39,25,87,132.90","94,163"
"12-Nov-2023","EQ","7,470.05","7,498.00","7,447.05","7,444.80","7,454.50","7,456.90","7,465.60","8,192.00","5,485.70","79,745","59,53,44,138.00","9,727"
"10-Nov-2023","EQ","7,370.00","7,454.00","7,346.45","7,386.70","7,450.30","7,444.80","7,425.27","8,192.00","5,485.70","4,96,261","3,68,48,70,710.10","53,636"
"09-Nov-2023","EQ","7,485.00","7,485.00","7,366.70","7,459.95","7,390.00","7,386.70","7,403.36","8,192.00","5,485.70","7,71,791","5,71,38,47,462.40","79,753"
"08-Nov-2023","EQ","7,527.00","7,536.00","7,406.65","7,495.60","7,458.00","7,459.95","7,455.13","8,192.00","5,485.70","9,16,717","6,83,42,41,855.90","87,519"
"07-Nov-2023","EQ","7,640.00","7,640.00","7,446.00","7,562.05","7,499.00","7,495.60","7,519.46","8,192.00","5,485.70","15,63,007","11,75,29,70,008.45","1,62,727"
"06-Nov-2023","EQ","7,456.00","7,571.95","7,442.60","7,411.50","7,555.00","7,562.05","7,513.51","8,192.00","5,485.70","6,34,043","4,76,38,85,603.10","63,638"
"03-Nov-2023","EQ","7,528.00","7,537.95","7,372.45","7,449.10","7,403.00","7,411.50","7,428.96","8,192.00","5,485.70","11,38,755","8,45,97,70,203.10","1,14,454"
"02-Nov-2023","EQ","7,530.00","7,615.00","7,411.20","7,471.90","7,469.00","7,449.10","7,492.79","8,192.00","5,485.70","8,55,030","6,40,65,64,290.75","94,175"
"01-Nov-2023","EQ","7,520.00","7,549.00","7,457.65","7,492.65","7,479.00","7,471.90","7,510.31","8,192.00","5,485.70","4,62,778","3,47,56,06,977.30","65,986"
"31-Oct-2023","EQ","7,569.80","7,579.70","7,460.50","7,503.05","7,495.35","7,492.65","7,511.26","8,192.00","5,485.70","7,49,410","5,62,90,10,332.75","94,261"
"30-Oct-2023","EQ","7,505.80","7,526.85","7,352.50","7,507.20","7,510.00","7,503.05","7,460.27","8,192.00","5,485.70","7,99,276","5,96,28,12,041.35","1,08,893"
"27-Oct-2023","EQ","7,509.95","7,549.00","7,416.60","7,421.80","7,486.85","7,507.20","7,492.70","8,192.00","5,485.70","9,11,944","6,83,29,21,120.50","1,07,260"
"26-Oct-2023","EQ","7,625.10","7,656.00","7,401.20","7,694.45","7,409.00","7,421.80","7,470.75","8,192.00","5,485.70","13,24,630","9,89,59,77,610.05","1,67,916"
"25-Oct-2023","EQ","7,798.90","7,856.95","7,676.00","7,798.90","7,685.00","7,694.45","7,741.94","8,192.00","5,485.70","7,08,774","5,48,72,85,997.55","88,917"
"23-Oct-2023","EQ","7,800.00","7,884.90","7,761.35","7,769.20","7,775.00","7,798.90","7,830.64","8,192.00","5,485.70","8,82,230","6,90,84,23,213.90","1,04,921"
"20-Oct-2023","EQ","7,810.00","7,832.35","7,722.50","7,841.55","7,770.00","7,769.20","7,773.63","8,192.00","5,485.70","7,71,153","5,99,46,58,305.70","99,051"
"19-Oct-2023","EQ","7,843.30","7,923.00","7,731.00","7,866.55","7,822.40","7,841.55","7,822.27","8,192.00","5,485.70","10,61,453","8,30,29,76,891.95","1,49,476"
"18-Oct-2023","EQ","8,050.00","8,084.60","7,850.00","8,093.00","7,854.00","7,866.55","7,950.12","8,192.00","5,485.70","15,44,642","12,28,00,87,675.65","1,57,004"
"17-Oct-2023","EQ","8,080.00","8,159.00","8,057.55","8,036.00","8,097.50","8,093.00","8,100.95","8,192.00","5,485.70","8,38,283","6,79,08,91,569.35","85,427"
"16-Oct-2023","EQ","8,044.30","8,069.00","7,982.65","8,051.65","8,021.00","8,036.00","8,029.01","8,192.00","5,485.70","4,38,246","3,51,86,82,722.70","52,951"
"13-Oct-2023","EQ","7,999.55","8,082.90","7,956.05","8,014.30","8,043.00","8,051.65","8,036.74","8,192.00","5,485.70","6,62,282","5,32,25,86,112.20","97,371"
"12-Oct-2023","EQ","8,125.00","8,127.00","8,003.00","8,101.95","8,016.00","8,014.30","8,037.95","8,192.00","5,485.70","7,64,092","6,14,17,35,061.80","75,206"
"11-Oct-2023","EQ","8,139.80","8,173.00","8,095.45","8,083.60","8,108.00","8,101.95","8,131.80","8,192.00","5,485.70","7,12,372","5,79,28,66,203.50","95,698"
"10-Oct-2023","EQ","8,055.00","8,135.00","8,021.00","8,027.70","8,086.00","8,083.60","8,076.49","8,192.00","5,485.70","9,65,024","7,79,40,07,636.05","1,34,824"
"09-Oct-2023","EQ","8,102.05","8,135.00","8,018.00","8,168.55","8,019.10","8,027.70","8,068.79","8,192.00","5,485.70","7,47,800","6,03,38,43,122.20","94,101"
"06-Oct-2023","EQ","7,850.00","8,192.00","7,845.00","7,850.90","8,150.00","8,168.55","8,064.18","8,192.00","5,485.70","21,45,034","17,29,79,34,647.85","1,91,298"
"05-Oct-2023","EQ","7,914.85","7,914.85","7,826.90","7,854.05","7,845.00","7,850.90","7,875.66","8,043.00","5,485.70","7,95,061","6,26,16,32,025.75","1,04,913"
"04-Oct-2023","EQ","8,025.00","8,043.00","7,820.00","7,967.60","7,865.00","7,854.05","7,915.04","8,043.00","5,485.70","11,76,384","9,31,11,25,451.85","93,413"
"03-Oct-2023","EQ","7,780.80","7,975.50","7,755.00","7,810.75","7,967.10","7,967.60","7,888.51","7,999.90","5,485.70","9,44,555","7,45,11,30,001.85","1,09,439"
"29-Sep-2023","EQ","7,739.00","7,848.00","7,725.00","7,739.00","7,809.95","7,810.75","7,805.28","7,999.90","5,485.70","5,73,005","4,47,24,63,497.80","74,692"
"28-Sep-2023","EQ","7,804.75","7,829.00","7,718.05","7,837.55","7,735.00","7,739.00","7,774.50","7,999.90","5,485.70","7,77,505","6,04,47,08,896.65","83,316"
"27-Sep-2023","EQ","7,855.00","7,855.00","7,742.75","7,870.65","7,845.00","7,837.55","7,804.75","7,999.90","5,485.70","7,44,110","5,80,75,92,332.60","90,651"
"26-Sep-2023","EQ","7,819.90","7,899.95","7,775.00","7,819.85","7,873.00","7,870.65","7,853.77","7,999.90","5,485.70","12,46,820","9,79,22,40,335.55","1,34,353"
"25-Sep-2023","EQ","7,575.00","7,849.90","7,510.00","7,471.35","7,806.90","7,819.85","7,761.39","7,999.90","5,485.70","23,47,533","18,22,01,14,608.20","2,22,035"
"22-Sep-2023","EQ","7,493.95","7,577.00","7,453.60","7,484.20","7,474.85","7,471.35","7,519.12","7,999.90","5,485.70","5,26,304","3,95,73,44,378.50","66,489"
"21-Sep-2023","EQ","7,530.00","7,583.65","7,425.00","7,539.00","7,493.85","7,484.20","7,485.59","7,999.90","5,485.70","6,75,725","5,05,81,99,027.20","1,07,376"
"20-Sep-2023","EQ","7,488.65","7,647.00","7,483.00","7,548.65","7,530.00","7,539.00","7,583.18","7,999.90","5,485.70","8,44,190","6,40,16,46,997.75","99,610"
"18-Sep-2023","EQ","7,488.90","7,560.00","7,465.00","7,492.20","7,540.00","7,548.65","7,530.92","7,999.90","5,485.70","7,06,618","5,32,14,85,807.20","97,037"
"15-Sep-2023","EQ","7,499.00","7,565.15","7,455.55","7,494.30","7,491.50","7,492.20","7,509.86","7,999.90","5,485.70","7,87,494","5,91,39,70,575.95","77,059"
"14-Sep-2023","EQ","7,475.90","7,511.70","7,427.05","7,475.90","7,476.70","7,494.30","7,471.78","7,999.90","5,485.70","6,50,372","4,85,94,34,928.30","81,192"
"13-Sep-2023","EQ","7,429.30","7,508.25","7,380.65","7,431.30","7,475.00","7,475.90","7,446.31","7,999.90","5,485.70","5,79,846","4,31,77,11,428.80","67,471"
"12-Sep-2023","EQ","7,421.00","7,459.00","7,305.50","7,391.65","7,416.60","7,431.30","7,399.48","7,999.90","5,485.70","9,63,517","7,12,95,24,026.25","1,10,323"
"11-Sep-2023","EQ","7,425.00","7,444.00","7,362.00","7,410.65","7,390.00","7,391.65","7,395.89","7,999.90","5,485.70","4,06,849","3,00,90,11,711.65","54,667"
"08-Sep-2023","EQ","7,390.00","7,449.95","7,370.00","7,363.20","7,395.00","7,410.65","7,410.57","7,999.90","5,485.70","6,24,642","4,62,89,55,769.55","47,395"