"Date ","series ","OPEN ","HIGH ","LOW ","PREV. CLOSE ","ltp ","close ","vwap ","52W H ","52W L ","VOLUME ","VALUE ","No of trades "
"06-Sep-2024","EQ","499.00","499.00","481.05","497.00","488.75","488.55","487.60","543.55","238.15","1,31,10,103","6,39,24,45,293.80","2,48,527"
"05-Sep-2024","EQ","507.50","507.50","495.15","503.65","497.20","497.00","500.15","543.55","238.15","1,08,30,621","5,41,69,10,645.25","1,82,156"
"04-Sep-2024","EQ","516.85","516.85","500.55","519.60","505.00","503.65","504.89","543.55","238.15","1,67,83,593","8,47,38,23,360.75","2,25,840"
"03-Sep-2024","EQ","521.00","523.60","518.25","520.85","518.80","519.60","520.33","543.55","238.15","55,26,155","2,87,54,03,343.95","1,04,008"
"02-Sep-2024","EQ","527.00","529.00","517.65","524.95","521.05","520.85","521.98","543.55","238.15","63,70,038","3,32,50,06,191.25","1,48,142"
"30-Aug-2024","EQ","530.00","537.00","522.00","527.55","523.95","524.95","526.11","543.55","227.50","3,09,21,282","16,26,80,14,874.05","1,65,710"
"29-Aug-2024","EQ","526.35","530.00","516.10","526.35","529.15","527.55","523.40","543.55","227.50","91,47,836","4,78,80,18,506.70","1,83,043"
"28-Aug-2024","EQ","533.90","535.55","525.45","531.40","526.60","526.35","529.58","543.55","227.50","60,66,259","3,21,25,84,032.90","1,41,503"
"27-Aug-2024","EQ","539.10","541.70","530.00","538.10","531.75","531.40","534.59","543.55","227.50","78,65,530","4,20,47,98,158.90","93,940"
"26-Aug-2024","EQ","542.00","543.55","534.70","538.85","538.25","538.10","539.47","543.55","227.50","71,93,307","3,88,05,58,401.65","1,02,272"
"23-Aug-2024","EQ","528.95","541.15","528.85","528.85","537.85","538.85","537.86","542.25","227.00","1,25,66,904","6,75,92,66,470.45","1,25,402"
"22-Aug-2024","EQ","534.00","535.45","526.80","532.20","529.40","528.85","529.82","542.25","227.00","85,31,700","4,52,02,79,090.35","1,46,570"
"21-Aug-2024","EQ","526.50","535.25","524.40","524.60","531.90","532.20","530.51","542.25","227.00","90,67,794","4,81,05,61,387.75","1,07,216"
"20-Aug-2024","EQ","524.35","528.45","521.05","522.00","524.80","524.60","525.34","542.25","227.00","81,91,127","4,30,31,53,158.40","1,01,773"
"19-Aug-2024","EQ","513.80","523.45","513.15","512.30","522.00","522.00","518.77","542.25","227.00","1,07,37,456","5,57,03,11,099.00","91,151"
"16-Aug-2024","EQ","507.70","515.75","502.50","504.70","511.70","512.30","508.57","542.25","227.00","73,13,429","3,71,93,91,264.20","1,11,417"
"14-Aug-2024","EQ","522.90","527.90","499.05","521.75","506.10","504.70","508.56","542.25","227.00","1,47,66,889","7,50,98,23,981.65","2,39,033"
"13-Aug-2024","EQ","525.00","529.90","520.00","523.95","521.00","521.75","524.57","542.25","227.00","52,01,294","2,72,84,28,017.05","1,03,544"
"12-Aug-2024","EQ","529.00","530.50","523.30","529.80","523.60","523.95","525.58","542.25","227.00","52,38,736","2,75,33,98,152.10","91,095"
"09-Aug-2024","EQ","530.00","531.35","521.85","523.45","529.50","529.80","527.15","542.25","227.00","64,68,264","3,40,97,40,466.30","1,03,041"
"08-Aug-2024","EQ","534.00","535.00","521.25","531.50","523.20","523.45","527.94","542.25","227.00","1,36,24,148","7,19,27,80,883.80","1,39,705"
"07-Aug-2024","EQ","507.70","532.80","507.70","499.60","530.80","531.50","525.07","542.25","227.00","1,82,93,730","9,60,55,40,113.25","2,34,497"
"06-Aug-2024","EQ","508.10","517.20","498.00","506.80","501.40","499.60","507.16","542.25","227.00","71,42,269","3,62,22,52,578.20","1,27,459"
"05-Aug-2024","EQ","515.00","515.00","497.55","524.50","506.00","506.80","506.94","542.25","227.00","1,18,35,031","5,99,96,46,686.45","1,92,750"
"02-Aug-2024","EQ","534.00","537.20","522.30","540.40","524.65","524.50","528.74","542.25","226.85","1,09,85,150","5,80,82,55,324.80","1,97,654"
"01-Aug-2024","EQ","535.00","542.25","528.00","522.20","540.30","540.40","536.78","542.25","226.85","3,47,63,894","18,66,06,12,176.20","3,19,396"
"31-Jul-2024","EQ","523.45","525.40","510.50","519.35","522.45","522.20","520.01","527.40","226.85","1,19,72,565","6,22,58,81,878.80","1,32,419"
"30-Jul-2024","EQ","512.15","525.60","509.95","512.15","519.00","519.35","520.62","527.40","226.85","1,31,97,520","6,87,08,90,927.35","1,62,990"
"29-Jul-2024","EQ","514.50","515.70","507.50","509.85","511.95","512.15","512.42","527.40","226.85","72,59,754","3,72,00,64,237.15","1,10,732"
"26-Jul-2024","EQ","498.25","511.70","498.25","494.00","508.45","509.85","508.06","527.40","226.85","2,04,37,968","10,38,38,09,318.05","1,37,819"
"25-Jul-2024","EQ","491.00","503.55","484.00","493.80","496.50","494.00","494.50","527.40","226.85","1,02,81,157","5,08,40,20,259.60","1,17,007"
"24-Jul-2024","EQ","486.70","499.40","485.10","487.00","494.00","493.80","494.98","527.40","226.85","68,23,248","3,37,73,59,578.90","90,411"
"23-Jul-2024","EQ","494.00","495.80","464.55","491.20","485.70","487.00","482.56","527.40","226.85","1,13,11,831","5,45,86,47,001.55","1,76,756"
"22-Jul-2024","EQ","488.00","496.00","483.55","488.00","492.00","491.20","492.11","527.40","226.85","72,81,653","3,58,33,38,680.10","1,20,414"
"19-Jul-2024","EQ","505.30","506.40","486.75","505.25","488.00","488.00","492.19","527.40","226.85","99,71,704","4,90,79,30,945.70","1,48,134"
"18-Jul-2024","EQ","515.35","515.80","501.25","512.45","504.85","505.25","505.06","527.40","226.85","1,25,40,956","6,33,39,93,548.30","1,76,635"
"16-Jul-2024","EQ","498.00","518.40","498.00","497.75","512.75","512.45","512.41","527.40","226.85","2,31,69,665","11,87,24,57,416.65","2,44,258"
"15-Jul-2024","EQ","500.00","503.60","492.55","496.20","497.35","497.75","498.18","527.40","226.85","71,06,020","3,54,01,12,494.80","95,238"
"12-Jul-2024","EQ","504.00","508.60","495.50","500.05","497.35","496.20","502.52","527.40","226.85","81,98,389","4,11,98,77,695.80","1,10,734"
"11-Jul-2024","EQ","492.00","506.00","488.55","490.75","501.55","500.05","501.73","527.40","226.85","2,01,46,927","10,10,83,45,730.10","2,12,116"
"10-Jul-2024","EQ","493.80","494.90","480.55","493.80","490.65","490.75","489.14","527.40","226.85","59,81,477","2,92,57,63,850.65","93,156"
"09-Jul-2024","EQ","496.95","496.95","491.10","493.30","493.25","493.80","494.19","527.40","226.85","64,44,684","3,18,49,13,293.65","90,214"
"08-Jul-2024","EQ","492.70","496.00","487.20","491.50","493.50","493.30","492.46","527.40","226.85","74,77,292","3,68,22,85,523.80","91,648"
"05-Jul-2024","EQ","489.50","493.30","486.90","489.55","491.30","491.50","490.26","527.40","226.85","57,54,517","2,82,11,80,981.90","79,298"
"04-Jul-2024","EQ","488.75","492.80","485.30","484.95","489.90","489.55","489.25","527.40","226.85","77,96,954","3,81,46,62,720.20","1,18,065"
"03-Jul-2024","EQ","481.90","487.65","479.40","479.10","485.00","484.95","483.56","527.40","226.85","72,44,652","3,50,32,33,245.80","88,266"
"02-Jul-2024","EQ","478.00","485.00","473.35","474.80","479.40","479.10","480.13","527.40","226.85","1,46,29,287","7,02,39,54,637.70","1,29,205"
"01-Jul-2024","EQ","473.35","476.30","471.25","473.15","474.55","474.80","473.45","527.40","226.85","85,79,861","4,06,21,50,632.55","1,07,749"
"28-Jun-2024","EQ","470.00","476.00","468.00","467.05","473.50","473.15","473.14","527.40","223.25","83,02,706","3,92,83,74,308.40","99,753"
"27-Jun-2024","EQ","468.75","469.00","461.50","468.75","468.00","467.05","465.96","527.40","223.25","1,48,57,335","6,92,28,86,014.30","1,73,151"
"26-Jun-2024","EQ","470.25","471.85","465.05","469.25","469.25","468.75","468.89","527.40","223.25","66,55,899","3,12,08,68,783.30","79,921"
"25-Jun-2024","EQ","475.90","477.95","465.30","473.70","469.80","469.25","469.85","527.40","223.25","79,51,999","3,73,62,40,197.40","98,822"
"24-Jun-2024","EQ","480.00","480.05","472.00","480.20","474.45","473.70","474.10","527.40","223.25","1,11,24,175","5,27,40,19,124.25","1,33,317"
"21-Jun-2024","EQ","483.15","491.40","479.00","483.15","480.40","480.20","484.10","527.40","223.25","1,03,40,882","5,00,60,47,738.50","1,01,821"
"20-Jun-2024","EQ","481.05","487.40","471.55","477.95","483.50","483.15","482.09","527.40","223.25","78,64,157","3,79,12,15,750.10","1,16,829"
"19-Jun-2024","EQ","489.40","491.20","476.50","489.05","479.50","477.95","480.99","527.40","223.25","89,62,510","4,31,08,74,663.65","1,26,276"
"18-Jun-2024","EQ","492.00","492.90","485.20","486.95","489.40","489.05","488.59","527.40","223.25","69,46,544","3,39,40,43,640.95","1,00,108"
"14-Jun-2024","EQ","487.90","492.40","485.25","487.90","487.50","486.95","488.03","527.40","223.25","59,74,636","2,91,58,27,137.45","75,705"
"13-Jun-2024","EQ","493.90","493.90","483.50","488.70","487.15","487.90","486.99","527.40","223.25","74,38,571","3,62,25,24,555.25","1,05,315"
"12-Jun-2024","EQ","481.00","494.30","479.35","476.35","489.60","488.70","489.24","527.40","223.25","1,54,12,796","7,54,05,51,834.55","1,63,845"
"11-Jun-2024","EQ","482.00","483.50","475.20","477.70","477.35","476.35","479.08","527.40","223.25","1,11,69,021","5,35,09,04,100.00","87,205"
"10-Jun-2024","EQ","485.00","488.00","475.50","479.15","477.45","477.70","482.07","527.40","223.25","1,09,58,537","5,28,28,21,416.95","1,33,266"
"07-Jun-2024","EQ","473.00","481.30","467.60","472.95","479.00","479.15","475.56","527.40","223.25","83,17,343","3,95,54,18,120.75","1,24,317"
"06-Jun-2024","EQ","470.00","484.40","464.65","460.55","473.95","472.95","474.94","527.40","223.25","2,17,57,857","10,33,35,90,084.40","3,39,834"
"05-Jun-2024","EQ","452.00","462.85","425.10","441.90","460.00","460.55","446.77","527.40","223.25","1,89,66,089","8,47,35,03,030.60","2,79,243"
"04-Jun-2024","EQ","512.35","512.40","410.80","512.35","443.00","441.90","452.44","527.40","223.25","4,80,46,493","21,73,81,11,649.60","6,01,325"
"03-Jun-2024","EQ","515.00","527.40","505.55","491.20","512.50","512.35","515.31","527.40","223.25","2,44,16,215","12,58,19,72,098.45","2,51,136"
"31-May-2024","EQ","484.40","493.10","479.00","482.15","492.00","491.20","487.81","507.35","223.25","1,12,23,848","5,47,50,82,324.95","1,26,726"
"30-May-2024","EQ","486.00","487.95","479.50","486.45","484.40","482.15","483.47","507.35","223.25","77,25,080","3,73,48,72,629.20","1,40,611"
"29-May-2024","EQ","482.10","491.90","482.10","487.65","486.10","486.45","487.71","507.35","223.25","80,14,727","3,90,88,93,223.60","1,09,148"
"28-May-2024","EQ","496.00","496.20","484.10","494.45","486.90","487.65","489.74","507.35","223.25","81,65,238","3,99,88,32,036.90","1,38,577"
"27-May-2024","EQ","502.95","503.00","490.75","501.00","494.75","494.45","495.23","507.35","223.25","88,11,105","4,36,35,00,836.90","1,29,283"
"24-May-2024","EQ","495.95","505.40","489.15","497.30","500.15","501.00","498.51","507.35","223.25","1,21,90,536","6,07,71,62,733.05","1,26,425"
"23-May-2024","EQ","503.40","503.80","492.10","501.70","497.00","497.30","496.66","507.35","223.25","1,43,78,840","7,14,14,26,233.40","1,54,445"
"22-May-2024","EQ","494.50","507.35","491.60","490.65","501.85","501.70","501.51","507.35","223.25","2,83,46,931","14,21,63,09,754.60","2,48,929"
"21-May-2024","EQ","469.70","493.90","469.70","469.70","490.80","490.65","487.23","493.90","223.25","2,73,56,982","13,32,91,38,800.70","2,52,831"
"18-May-2024","EQ","472.90","473.00","468.55","470.25","469.45","469.70","471.07","487.60","223.25","9,86,166","46,45,57,046.55","13,074"
"17-May-2024","EQ","469.05","473.70","466.80","468.30","469.90","470.25","470.69","487.60","223.25","1,06,25,019","5,00,11,38,144.75","1,06,493"
"16-May-2024","EQ","468.65","475.00","457.85","467.85","467.25","468.30","466.86","487.60","223.25","1,72,32,651","8,04,52,67,038.45","2,16,546"
"15-May-2024","EQ","450.00","470.00","449.50","448.70","467.50","467.85","462.95","487.60","223.25","2,35,43,942","10,89,95,98,029.15","2,02,401"
"14-May-2024","EQ","446.70","450.65","445.10","444.00","448.50","448.70","448.53","487.60","223.25","65,92,194","2,95,68,14,310.80","1,14,394"
"13-May-2024","EQ","451.25","451.80","434.70","449.40","444.25","444.00","441.94","487.60","223.25","1,11,07,909","4,90,90,74,941.30","1,47,904"
"10-May-2024","EQ","447.20","451.15","440.25","443.50","448.95","449.40","447.35","487.60","223.25","91,90,621","4,11,14,58,570.30","1,17,407"
"09-May-2024","EQ","465.35","467.70","441.35","464.45","444.00","443.50","449.82","487.60","223.25","1,56,01,338","7,01,78,59,402.45","2,02,870"
"08-May-2024","EQ","456.70","471.40","455.10","456.00","465.55","464.45","465.50","487.60","223.25","1,69,78,094","7,90,32,70,982.85","1,53,014"
"07-May-2024","EQ","463.00","469.50","452.85","460.60","455.65","456.00","460.88","487.60","223.25","1,37,28,379","6,32,70,78,570.80","1,39,423"
"06-May-2024","EQ","479.00","481.45","444.05","474.60","460.05","460.60","463.24","487.60","223.25","3,64,08,390","16,86,57,36,623.65","3,16,575"
"03-May-2024","EQ","457.90","475.80","449.40","453.90","475.50","474.60","466.42","487.60","223.25","5,10,71,947","23,82,07,23,099.30","3,71,497"
"02-May-2024","EQ","457.55","459.55","449.40","454.30","452.00","453.90","454.89","487.60","223.25","1,49,80,896","6,81,46,85,447.25","1,94,918"
"30-Apr-2024","EQ","456.40","458.40","452.05","453.25","453.90","454.30","455.52","487.60","223.25","60,21,793","2,74,30,52,899.25","97,351"
"29-Apr-2024","EQ","458.70","458.70","450.55","455.80","453.75","453.25","453.74","487.60","223.25","53,05,655","2,40,73,73,301.20","75,447"
"26-Apr-2024","EQ","454.00","460.45","452.20","452.45","455.15","455.80","455.80","487.60","223.25","72,09,435","3,28,60,37,444.80","88,961"
"25-Apr-2024","EQ","443.00","454.00","441.75","443.85","452.90","452.45","449.21","487.60","223.25","1,08,58,594","4,87,77,92,751.30","1,50,242"
"24-Apr-2024","EQ","441.55","448.70","441.15","440.95","444.20","443.85","445.04","487.60","223.25","65,38,090","2,90,97,05,433.45","82,453"
"23-Apr-2024","EQ","445.75","445.75","439.25","442.95","441.50","440.95","441.83","487.60","223.25","53,90,120","2,38,15,06,621.90","90,595"
"22-Apr-2024","EQ","440.90","444.50","438.00","435.30","444.00","442.95","442.19","487.60","223.25","63,96,926","2,82,86,29,313.65","75,525"
"19-Apr-2024","EQ","436.00","438.60","428.05","438.60","435.75","435.30","434.65","487.60","223.25","76,28,287","3,31,55,98,105.05","1,11,249"
"18-Apr-2024","EQ","454.95","456.80","435.15","453.20","442.00","438.60","447.13","487.60","223.25","1,09,45,138","4,89,39,27,155.45","1,80,502"
"16-Apr-2024","EQ","449.00","456.40","446.35","451.00","453.25","453.20","452.68","487.60","223.25","49,96,845","2,26,19,53,386.90","72,585"
"15-Apr-2024","EQ","448.95","455.80","441.10","455.60","451.40","451.00","449.23","487.60","223.25","76,80,715","3,45,04,14,209.45","1,08,659"
"12-Apr-2024","EQ","455.00","463.45","452.55","456.35","456.30","455.60","458.61","487.60","221.15","1,12,59,294","5,16,36,13,445.50","1,26,431"
"10-Apr-2024","EQ","442.55","458.60","442.10","439.85","455.50","456.35","452.40","487.60","221.15","1,58,25,331","7,15,93,72,162.80","1,52,800"
"09-Apr-2024","EQ","448.70","450.30","437.25","447.40","440.60","439.85","441.94","487.60","221.15","80,05,012","3,53,77,35,852.60","97,059"
"08-Apr-2024","EQ","449.00","450.45","444.55","446.95","447.00","447.40","447.40","487.60","221.15","39,80,972","1,78,10,89,273.75","65,728"
"05-Apr-2024","EQ","448.75","448.85","444.00","448.85","447.05","446.95","446.86","487.60","213.80","48,20,138","2,15,39,19,586.45","65,669"
"04-Apr-2024","EQ","450.00","453.50","442.55","445.50","450.00","448.85","448.55","487.60","213.80","1,47,43,020","6,61,29,44,787.55","1,82,305"
"03-Apr-2024","EQ","443.20","447.00","440.90","443.20","446.20","445.50","445.39","487.60","213.80","69,72,648","3,10,55,41,661.45","85,482"
"02-Apr-2024","EQ","442.05","448.30","436.05","442.05","443.40","443.20","442.10","487.60","213.80","1,15,30,800","5,09,77,42,466.30","1,04,673"
"01-Apr-2024","EQ","436.70","443.80","434.80","434.10","442.00","442.05","440.74","487.60","213.80","72,56,592","3,19,82,36,923.80","82,433"
"28-Mar-2024","EQ","430.00","438.45","430.00","429.45","433.95","434.10","434.51","487.60","207.60","1,03,32,853","4,48,97,28,594.25","1,13,800"
"27-Mar-2024","EQ","439.80","439.80","426.05","435.95","431.50","429.45","431.69","487.60","207.60","1,79,85,246","7,76,39,78,161.80","1,33,365"
"26-Mar-2024","EQ","433.80","440.95","430.90","431.95","435.75","435.95","437.01","487.60","207.60","93,89,403","4,10,32,82,216.35","1,31,771"
"22-Mar-2024","EQ","430.90","436.20","428.30","432.05","432.20","431.95","432.33","487.60","207.60","91,72,888","3,96,57,51,605.10","1,18,348"
"21-Mar-2024","EQ","424.00","433.55","423.15","419.50","432.45","432.05","429.47","487.60","207.60","99,11,230","4,25,65,71,231.75","1,20,158"
"20-Mar-2024","EQ","419.80","422.80","412.70","419.05","420.00","419.50","418.90","487.60","207.60","69,50,340","2,91,15,13,141.95","90,171"
"19-Mar-2024","EQ","417.00","424.60","414.00","421.85","418.80","419.05","419.01","487.60","207.60","83,73,676","3,50,86,92,924.55","96,776"
"18-Mar-2024","EQ","416.00","423.50","413.55","415.25","422.00","421.85","419.86","487.60","207.60","98,03,914","4,11,62,75,382.05","1,19,353"
"15-Mar-2024","EQ","427.70","428.05","401.20","427.70","415.50","415.25","411.91","487.60","207.60","2,54,35,001","10,47,70,21,846.30","2,31,324"
"14-Mar-2024","EQ","419.00","428.85","412.20","417.05","427.75","427.70","423.21","487.60","207.60","2,04,78,918","8,66,68,46,855.60","2,55,441"
"13-Mar-2024","EQ","449.30","449.90","410.00","449.30","417.85","417.05","425.85","487.60","207.60","1,78,03,423","7,58,15,33,018.10","2,30,916"
"12-Mar-2024","EQ","453.90","455.80","446.70","453.90","449.60","449.30","450.03","487.60","207.60","84,09,613","3,78,45,81,663.65","1,16,045"
"11-Mar-2024","EQ","461.00","462.85","452.40","458.60","452.50","453.90","458.30","487.60","207.60","78,24,738","3,58,60,56,755.40","1,20,998"
"07-Mar-2024","EQ","461.60","465.40","456.05","461.60","458.50","458.60","459.20","487.60","207.60","96,80,802","4,44,54,35,723.25","1,03,816"
"06-Mar-2024","EQ","462.45","464.95","444.55","460.65","461.00","461.60","456.50","487.60","207.60","1,40,61,966","6,41,92,97,535.25","1,50,912"
"05-Mar-2024","EQ","456.00","461.75","453.55","455.40","461.00","460.65","458.49","487.60","207.60","96,05,493","4,40,39,80,940.10","1,13,575"
"04-Mar-2024","EQ","451.85","458.00","448.05","448.50","455.20","455.40","454.07","487.60","207.60","1,19,77,226","5,43,84,71,512.75","1,88,729"
"02-Mar-2024","EQ","447.20","450.00","446.45","446.35","448.55","448.50","448.67","487.60","207.60","10,85,461","48,70,14,255.70","13,476"
"01-Mar-2024","EQ","438.00","448.80","438.00","436.70","447.65","446.35","443.87","487.60","207.60","84,11,615","3,73,36,43,239.60","1,22,796"
"29-Feb-2024","EQ","444.00","444.00","429.65","434.20","438.90","436.70","435.37","487.60","207.60","1,17,11,699","5,09,89,52,431.50","1,48,098"
"28-Feb-2024","EQ","440.30","442.85","430.35","441.40","434.90","434.20","435.11","487.60","207.60","88,93,614","3,86,96,73,063.15","1,25,691"
"27-Feb-2024","EQ","442.30","445.30","435.05","442.30","441.10","441.40","440.44","487.60","207.60","83,43,526","3,67,48,10,845.20","96,427"
"26-Feb-2024","EQ","443.90","447.25","440.55","443.90","443.00","442.30","444.18","487.60","207.60","75,70,244","3,36,25,40,348.80","1,00,405"
"23-Feb-2024","EQ","448.00","449.60","441.65","445.15","444.20","443.90","444.89","487.60","207.60","96,25,544","4,28,23,36,042.85","1,20,051"
"22-Feb-2024","EQ","438.00","448.00","427.95","432.95","448.00","445.15","438.29","487.60","207.60","2,20,83,710","9,67,91,52,126.35","2,25,146"
"21-Feb-2024","EQ","450.95","450.95","431.00","446.50","434.00","432.95","439.02","487.60","207.60","1,90,32,050","8,35,53,91,452.40","1,74,909"
"20-Feb-2024","EQ","457.95","457.95","441.00","461.00","447.80","446.50","447.02","487.60","207.60","2,78,99,165","12,47,15,13,433.15","2,97,302"
"19-Feb-2024","EQ","482.80","487.45","455.45","480.00","459.65","461.00","471.47","487.60","207.60","1,97,98,448","9,33,43,03,016.60","1,94,490"
"16-Feb-2024","EQ","482.40","487.60","477.50","476.85","479.55","480.00","481.76","487.60","207.60","1,45,13,583","6,99,21,34,358.05","1,75,331"
"15-Feb-2024","EQ","469.00","481.25","467.55","466.35","477.00","476.85","475.82","481.25","207.60","1,85,01,875","8,80,35,68,830.45","2,23,845"
"14-Feb-2024","EQ","451.65","468.00","443.00","452.35","467.40","466.35","458.89","468.60","207.60","1,85,92,696","8,53,19,62,165.90","2,59,795"
"13-Feb-2024","EQ","443.80","457.85","434.00","432.80","453.00","452.35","447.80","468.60","207.60","3,56,65,854","15,97,13,21,186.85","3,39,669"
"12-Feb-2024","EQ","457.00","457.45","430.05","456.20","434.30","432.80","438.52","468.60","207.60","1,94,72,346","8,53,90,35,376.15","2,40,171"
"09-Feb-2024","EQ","462.20","463.80","435.65","459.20","454.75","456.20","448.86","468.60","207.60","1,74,72,069","7,84,25,97,871.65","1,83,472"
"08-Feb-2024","EQ","454.80","468.60","450.00","452.65","461.00","459.20","459.95","468.60","207.60","1,87,90,158","8,64,26,25,354.75","2,35,740"
"07-Feb-2024","EQ","454.00","460.55","447.80","448.65","454.35","452.65","454.69","460.55","207.60","1,44,30,152","6,56,12,07,443.70","1,51,277"
"06-Feb-2024","EQ","444.80","451.00","437.25","440.25","447.20","448.65","442.93","451.00","207.60","1,33,86,526","5,92,93,17,276.60","1,34,044"
"05-Feb-2024","EQ","423.25","450.00","417.10","419.80","441.30","440.25","436.95","450.00","207.60","3,14,18,925","13,72,84,52,688.20","2,71,278"
"02-Feb-2024","EQ","410.80","422.90","409.65","406.70","417.30","419.80","417.30","422.90","207.60","2,51,77,075","10,50,63,60,725.95","1,92,430"
"01-Feb-2024","EQ","408.80","411.90","402.50","406.15","406.80","406.70","406.38","415.80","207.60","88,62,155","3,60,14,22,183.30","1,38,826"
"31-Jan-2024","EQ","405.05","409.15","400.40","402.55","406.00","406.15","405.67","415.80","207.60","2,37,50,822","9,63,49,01,873.25","1,24,780"
"30-Jan-2024","EQ","415.75","415.80","401.60","412.80","403.00","402.55","407.53","415.80","207.60","1,41,59,072","5,77,02,69,577.10","1,50,546"
"29-Jan-2024","EQ","392.90","414.70","391.50","389.40","413.55","412.80","405.13","414.70","207.60","2,71,49,058","10,99,89,53,910.10","2,28,719"
"25-Jan-2024","EQ","386.80","391.70","385.35","382.60","389.80","389.40","388.82","404.80","207.60","1,34,40,949","5,22,61,23,885.00","1,50,387"
"24-Jan-2024","EQ","379.80","387.80","374.25","375.30","385.00","382.60","380.97","404.80","207.60","2,29,38,994","8,73,89,73,775.55","1,61,892"
"23-Jan-2024","EQ","403.50","404.80","373.65","398.80","376.55","375.30","385.89","404.80","207.60","1,64,06,737","6,33,11,67,272.90","2,29,682"
"20-Jan-2024","EQ","386.50","401.50","384.45","383.25","399.00","398.80","397.26","401.50","207.60","2,61,21,433","10,37,71,05,642.95","1,63,943"
"19-Jan-2024","EQ","380.65","384.90","379.10","375.65","384.55","383.25","381.93","395.85","207.60","1,58,93,456","6,07,01,54,427.35","96,853"
"18-Jan-2024","EQ","380.80","382.55","368.00","379.65","376.80","375.65","375.80","395.85","207.60","1,24,93,835","4,69,52,30,658.70","1,25,801"
"17-Jan-2024","EQ","381.80","385.35","377.20","381.90","380.55","379.65","381.88","395.85","207.60","1,09,96,538","4,19,93,96,405.30","1,08,392"
"16-Jan-2024","EQ","385.40","386.95","377.05","384.65","382.50","381.90","382.40","395.85","207.60","1,01,65,133","3,88,71,12,344.25","93,849"
"15-Jan-2024","EQ","382.50","387.90","381.40","381.10","384.80","384.65","384.37","395.85","207.60","74,90,747","2,87,92,34,841.25","86,665"
"12-Jan-2024","EQ","385.80","385.80","379.55","384.35","381.80","381.10","381.46","395.85","207.60","74,71,050","2,84,99,05,081.15","79,662"
"11-Jan-2024","EQ","385.50","388.90","383.30","382.05","384.35","384.35","385.49","395.85","207.60","91,63,771","3,53,25,56,169.85","1,19,917"
"10-Jan-2024","EQ","385.85","385.85","375.85","385.35","383.00","382.05","379.70","395.85","207.60","96,70,366","3,67,18,19,509.55","1,23,299"
"09-Jan-2024","EQ","383.65","387.95","382.10","380.40","385.50","385.35","385.25","395.85","207.60","94,73,743","3,64,97,22,684.55","1,23,121"
"08-Jan-2024","EQ","386.45","388.65","379.25","384.25","381.80","380.40","382.32","395.85","207.60","94,24,716","3,60,32,45,685.00","1,04,985"
"05-Jan-2024","EQ","386.80","388.50","382.50","384.75","384.50","384.25","385.71","395.85","207.60","83,69,460","3,22,82,08,273.55","96,769"
"04-Jan-2024","EQ","387.80","389.80","383.90","384.55","384.95","384.75","386.72","395.85","207.60","1,10,39,940","4,26,93,82,941.95","1,30,403"
"03-Jan-2024","EQ","394.80","394.80","383.85","392.65","385.60","384.55","386.93","395.85","207.60","1,29,03,439","4,99,27,00,055.40","1,46,495"
"02-Jan-2024","EQ","387.40","395.85","384.25","381.80","391.75","392.65","390.97","395.85","207.60","2,83,63,847","11,08,95,13,725.95","2,72,097"
"01-Jan-2024","EQ","377.80","386.80","377.45","376.00","382.00","381.80","383.70","386.80","207.60","1,11,24,690","4,26,85,45,026.75","1,29,587"
"29-Dec-2023","EQ","381.50","381.70","374.25","380.95","376.20","376.00","376.71","382.50","207.60","88,59,317","3,33,73,61,778.45","99,586"
"28-Dec-2023","EQ","366.80","382.50","365.80","365.60","381.00","380.95","376.82","382.50","207.60","2,83,10,022","10,66,79,18,553.20","1,97,408"
"27-Dec-2023","EQ","367.00","369.20","362.40","366.05","366.00","365.60","365.72","371.80","207.60","78,90,042","2,88,55,48,687.60","1,00,997"
"26-Dec-2023","EQ","363.80","371.80","362.50","363.25","366.00","366.05","368.06","371.80","207.60","1,19,10,267","4,38,37,38,403.75","1,10,527"
"22-Dec-2023","EQ","359.00","367.40","356.40","355.50","362.50","363.25","363.30","371.80","207.60","1,39,16,380","5,05,58,66,756.00","1,35,486"
"21-Dec-2023","EQ","351.10","356.80","346.10","352.15","356.50","355.50","353.19","371.80","207.60","1,00,28,664","3,54,20,01,507.75","1,21,320"
"20-Dec-2023","EQ","369.00","371.80","350.00","366.95","351.75","352.15","364.23","371.80","207.60","2,32,24,408","8,45,89,76,129.75","1,90,080"
"19-Dec-2023","EQ","346.50","369.75","346.50","347.65","369.00","366.95","360.91","369.75","207.60","2,89,37,243","10,44,38,21,362.30","2,00,288"
"18-Dec-2023","EQ","351.00","351.25","342.30","350.00","347.70","347.65","345.64","362.50","207.60","79,59,685","2,75,11,84,768.25","87,629"
"15-Dec-2023","EQ","350.00","354.35","348.45","347.60","349.10","350.00","350.29","362.50","207.60","1,43,31,890","5,02,03,87,461.50","87,734"
"14-Dec-2023","EQ","349.20","351.20","345.80","345.20","348.00","347.60","348.43","362.50","207.60","1,31,42,466","4,57,91,64,920.10","1,52,127"
"13-Dec-2023","EQ","349.40","349.80","343.70","347.50","345.55","345.20","345.57","362.50","207.60","80,91,533","2,79,62,19,148.50","88,666"
"12-Dec-2023","EQ","354.15","354.60","345.15","353.65","347.80","347.50","349.78","362.50","207.60","87,89,103","3,07,42,57,454.45","1,26,611"
"11-Dec-2023","EQ","351.00","358.60","351.00","351.00","354.15","353.65","354.96","362.50","207.60","1,14,20,609","4,05,39,08,409.90","1,06,509"
"08-Dec-2023","EQ","352.00","358.40","346.90","351.95","350.75","351.00","353.57","362.50","207.60","1,34,44,251","4,75,34,24,570.90","1,22,135"
"07-Dec-2023","EQ","353.80","353.80","348.40","352.15","351.90","351.95","350.71","362.50","207.60","85,07,659","2,98,37,46,739.00","1,03,109"
"06-Dec-2023","EQ","355.80","362.50","349.45","355.55","352.30","352.15","354.17","362.50","207.60","1,48,17,158","5,24,78,05,206.35","1,08,609"
"05-Dec-2023","EQ","355.70","356.45","350.00","354.70","355.50","355.55","354.06","360.00","207.60","1,57,82,945","5,58,81,71,489.05","1,15,912"
"04-Dec-2023","EQ","351.10","360.00","350.65","346.65","354.50","354.70","355.93","360.00","207.60","2,27,05,896","8,08,16,29,928.15","1,60,110"
"01-Dec-2023","EQ","343.80","351.10","342.45","342.15","346.00","346.65","347.03","359.00","207.60","1,51,05,221","5,24,19,89,856.05","1,07,636"
"30-Nov-2023","EQ","345.00","345.00","338.05","342.35","342.60","342.15","341.17","359.00","207.60","1,19,59,336","4,08,01,44,784.65","1,07,593"
"29-Nov-2023","EQ","343.00","345.00","338.10","341.95","341.70","342.35","341.44","359.00","207.60","1,41,49,513","4,83,11,48,441.95","99,036"
"28-Nov-2023","EQ","334.80","342.50","333.30","332.80","342.10","341.95","338.49","359.00","207.60","1,07,91,886","3,65,28,99,843.90","1,11,467"
"24-Nov-2023","EQ","335.35","337.45","332.10","334.45","332.85","332.80","334.59","359.00","207.60","70,54,445","2,36,03,79,790.40","82,434"
"23-Nov-2023","EQ","332.50","336.05","330.00","332.15","335.30","334.45","332.65","359.00","207.60","61,86,567","2,05,79,38,791.45","66,556"
"22-Nov-2023","EQ","335.80","337.90","330.00","334.20","332.50","332.15","333.12","359.00","207.60","75,99,447","2,53,15,16,508.20","82,941"
"21-Nov-2023","EQ","335.00","338.50","328.85","347.75","334.40","334.20","334.07","359.00","207.60","1,51,48,068","5,06,05,39,812.65","1,37,887"
"20-Nov-2023","EQ","348.00","352.40","343.95","345.25","348.25","347.75","347.72","359.00","207.60","1,90,32,608","6,61,80,42,844.70","1,12,318"
"17-Nov-2023","EQ","348.00","348.55","342.30","345.80","345.60","345.25","345.16","359.00","207.60","1,35,42,916","4,67,44,56,059.10","1,11,440"
"16-Nov-2023","EQ","353.00","354.50","344.85","350.60","347.00","345.80","349.39","359.00","207.60","1,76,17,280","6,15,52,47,658.25","1,67,884"
"15-Nov-2023","EQ","359.00","359.00","348.60","349.35","351.15","350.60","352.61","359.00","207.60","3,50,92,206","12,37,37,42,552.80","1,75,424"
"13-Nov-2023","EQ","333.00","350.00","330.30","331.80","349.25","349.35","343.12","350.00","207.60","4,21,78,783","14,47,23,61,181.80","2,43,683"
"12-Nov-2023","EQ","330.00","336.70","328.25","323.40","332.45","331.80","332.94","336.70","207.60","1,02,63,484","3,41,71,41,828.15","71,704"
"10-Nov-2023","EQ","324.45","326.15","321.55","323.55","323.90","323.40","324.01","326.15","207.60","84,45,203","2,73,63,40,867.70","1,01,433"
"09-Nov-2023","EQ","318.45","324.50","315.70","317.40","323.90","323.55","321.13","324.50","207.60","1,55,03,280","4,97,85,11,428.20","1,27,998"
"08-Nov-2023","EQ","316.00","318.15","314.55","314.25","317.35","317.40","316.91","319.75","207.60","64,24,833","2,03,61,06,270.30","77,892"
"07-Nov-2023","EQ","316.50","318.80","313.65","316.55","314.75","314.25","315.86","319.75","207.60","68,26,885","2,15,63,22,186.40","91,102"
"06-Nov-2023","EQ","313.20","319.55","313.00","312.00","316.80","316.55","316.05","319.75","207.60","1,03,40,818","3,26,82,07,665.00","1,15,706"
"03-Nov-2023","EQ","310.60","314.70","310.30","308.85","311.80","312.00","312.28","319.75","207.60","46,58,440","1,45,47,23,293.15","69,645"
"02-Nov-2023","EQ","308.95","312.80","307.30","306.65","309.30","308.85","309.80","319.75","207.60","70,71,960","2,19,08,80,181.75","88,499"
"01-Nov-2023","EQ","313.20","315.80","305.85","314.25","306.95","306.65","309.51","319.75","207.60","95,93,653","2,96,93,71,198.10","89,704"
"31-Oct-2023","EQ","316.75","316.80","310.75","314.55","314.00","314.25","313.53","319.75","207.60","74,46,586","2,33,47,39,875.80","69,536"
"30-Oct-2023","EQ","315.00","315.80","311.95","313.95","314.70","314.55","314.03","319.75","207.60","62,29,982","1,95,63,76,039.40","69,571"
"27-Oct-2023","EQ","306.00","317.15","306.00","305.25","314.75","313.95","313.46","319.75","207.60","1,05,03,070","3,29,22,62,591.45","1,04,309"
"26-Oct-2023","EQ","309.15","309.15","302.90","310.30","305.40","305.25","304.98","319.75","207.60","83,29,092","2,54,01,99,250.70","1,02,393"
"25-Oct-2023","EQ","306.10","312.70","305.00","306.10","309.10","310.30","308.84","319.75","207.60","72,53,336","2,24,01,10,222.45","98,798"
"23-Oct-2023","EQ","312.55","312.85","305.00","312.40","305.50","306.10","308.92","319.75","207.60","80,86,150","2,49,79,76,307.35","78,063"
"20-Oct-2023","EQ","312.50","316.70","309.60","314.80","311.95","312.40","312.84","319.75","207.60","60,09,115","1,87,99,19,165.60","69,424"
"19-Oct-2023","EQ","315.30","315.70","308.85","316.95","313.50","314.80","312.89","319.75","207.60","89,77,527","2,80,89,53,168.15","1,01,903"
"18-Oct-2023","EQ","317.35","319.75","315.25","317.40","316.00","316.95","317.23","319.75","207.60","96,62,837","3,06,53,65,013.15","95,480"
"17-Oct-2023","EQ","313.00","318.35","312.10","312.00","317.50","317.40","314.78","318.35","207.60","77,60,527","2,44,28,97,236.00","74,687"
"16-Oct-2023","EQ","307.85","313.65","306.55","307.95","311.40","312.00","311.86","313.65","207.60","1,05,35,107","3,28,54,83,736.60","93,631"
"13-Oct-2023","EQ","305.00","310.85","304.45","307.20","307.75","307.95","308.78","310.85","207.60","95,16,879","2,93,86,65,023.05","1,00,255"
"12-Oct-2023","EQ","302.55","309.10","301.90","301.85","306.50","307.20","307.06","309.10","207.60","1,53,75,295","4,72,10,64,432.00","1,35,797"
"11-Oct-2023","EQ","304.55","305.00","299.45","303.25","301.30","301.85","301.60","305.00","207.60","1,23,21,154","3,71,60,22,730.25","99,422"
"10-Oct-2023","EQ","288.25","303.90","287.80","287.80","302.40","303.25","298.91","303.90","207.60","2,32,83,411","6,95,97,33,693.20","2,18,401"
"09-Oct-2023","EQ","286.05","288.95","283.05","287.80","287.20","287.80","287.04","297.50","207.60","46,47,845","1,33,41,34,015.90","63,156"
"06-Oct-2023","EQ","290.95","291.00","287.00","289.35","287.50","287.80","289.27","297.50","207.60","37,41,467","1,08,22,79,843.95","58,507"
"05-Oct-2023","EQ","288.80","290.55","283.90","287.95","289.40","289.35","287.43","297.50","207.60","86,87,014","2,49,68,74,220.25","95,859"
"04-Oct-2023","EQ","290.80","291.50","285.90","291.90","288.00","287.95","288.58","297.50","207.60","63,38,888","1,82,92,83,462.05","77,180"
"03-Oct-2023","EQ","297.05","297.10","290.10","295.20","291.75","291.90","291.88","297.50","207.60","93,48,540","2,72,86,59,783.70","93,083"
"29-Sep-2023","EQ","292.80","297.50","291.40","290.20","295.20","295.20","294.94","297.50","207.60","86,40,829","2,54,84,92,910.75","82,776"
"28-Sep-2023","EQ","291.55","294.15","289.00","291.55","292.90","290.20","291.25","294.15","207.60","1,24,32,497","3,62,09,13,750.30","91,840"
"27-Sep-2023","EQ","288.00","293.40","284.50","286.75","291.95","291.55","290.04","293.40","207.60","1,28,05,340","3,71,40,71,882.95","1,08,590"
"26-Sep-2023","EQ","288.45","291.40","286.15","288.05","288.00","286.75","288.55","291.40","207.60","1,12,56,196","3,24,79,48,747.65","95,701"
"25-Sep-2023","EQ","284.30","289.00","281.15","283.35","288.35","288.05","285.77","289.00","207.60","91,18,957","2,60,59,67,214.70","91,509"
"22-Sep-2023","EQ","280.00","286.10","279.20","280.45","282.80","283.35","283.19","288.00","207.60","86,91,024","2,46,11,89,331.15","1,12,504"
"21-Sep-2023","EQ","284.90","286.80","278.60","284.30","280.00","280.45","282.88","288.00","207.60","1,10,71,899","3,13,19,93,712.20","1,34,367"
"20-Sep-2023","EQ","279.50","288.00","279.10","281.25","284.40","284.30","285.15","288.00","207.60","1,86,15,797","5,30,83,85,833.80","1,46,748"
"18-Sep-2023","EQ","279.30","282.75","274.45","279.30","281.10","281.25","280.24","284.45","207.60","87,54,852","2,45,34,95,350.80","81,993"
"15-Sep-2023","EQ","278.50","284.15","277.55","277.55","278.70","279.30","280.17","284.45","207.60","1,32,88,180","3,72,29,65,658.10","92,811"
"14-Sep-2023","EQ","281.30","282.20","276.70","279.65","277.25","277.55","278.66","284.45","207.60","1,20,33,796","3,35,33,80,199.35","1,13,463"
"13-Sep-2023","EQ","271.50","281.50","269.00","270.75","279.45","279.65","277.25","284.45","207.60","1,76,07,568","4,88,16,69,166.35","1,36,391"
"12-Sep-2023","EQ","280.00","280.05","269.00","278.95","270.35","270.75","273.52","284.45","207.60","1,75,47,706","4,79,96,18,853.85","1,44,994"
"11-Sep-2023","EQ","284.00","284.20","277.25","282.10","278.85","278.95","280.41","284.45","207.60","1,45,05,153","4,06,74,05,645.05","1,55,811"