,_id,CH_SYMBOL,CH_SERIES,CH_MARKET_TYPE,CH_TRADE_HIGH_PRICE,CH_TRADE_LOW_PRICE,CH_OPENING_PRICE,CH_CLOSING_PRICE,CH_LAST_TRADED_PRICE,CH_PREVIOUS_CLS_PRICE,CH_TOT_TRADED_QTY,CH_TOT_TRADED_VAL,CH_52WEEK_HIGH_PRICE,CH_52WEEK_LOW_PRICE,CH_TOTAL_TRADES,CH_ISIN,CH_TIMESTAMP,TIMESTAMP,createdAt,updatedAt,__v,SLBMH_TOT_VAL,VWAP,mTIMESTAMP,CA
0,66d71912be2f10fa7b343aa2,TCS,EQ,N,4555.9,4495.9,4521.05,4512.35,4512.65,4521.05,1717263,7768215760.7,4592.25,3311.0,117744,INE467B01029,2024-09-03,2024-09-02T18:30:00.000Z,2024-09-03T14:11:30.872Z,2024-09-03T14:11:30.872Z,0,,4523.6,03-Sep-2024,
1,66d84bff0d76d41e20c24457,TCS,EQ,N,4487.0,4436.7,4476.95,4479.25,4484.0,4512.35,1265505,5655496454.35,4592.25,3311.0,123447,INE467B01029,2024-09-04,2024-09-03T18:30:00.000Z,2024-09-04T12:01:03.519Z,2024-09-04T12:01:03.519Z,0,,4468.96,04-Sep-2024,
2,66d9a07f1a5eb733b0965dc2,TCS,EQ,N,4499.0,4454.15,4481.0,4475.95,4490.0,4479.25,1688793,7547477632.9,4592.25,3311.0,105236,INE467B01029,2024-09-05,2024-09-04T18:30:00.000Z,2024-09-05T12:13:51.498Z,2024-09-05T12:13:51.498Z,0,,4469.15,05-Sep-2024,
3,66db0f8e2b22d024b7a5fdc3,TCS,EQ,N,4518.95,4440.0,4473.95,4456.75,4460.5,4475.95,1649179,7366546120.25,4592.25,3311.0,148566,INE467B01029,2024-09-06,2024-09-05T18:30:00.000Z,2024-09-06T14:19:58.129Z,2024-09-06T14:19:58.129Z,0,,4466.8,06-Sep-2024,
4,66a23e8059a2ff696d1156a4,TCS,EQ,N,4343.0,4274.2,4295.0,4322.5,4332.25,4306.25,2810342,12125310419.4,4361.7,3311.0,196421,INE467B01029,2024-07-25,2024-07-24T18:30:00.000Z,2024-07-25T12:01:04.440Z,2024-07-25T12:01:04.440Z,0,,4314.53,25-Jul-2024,
5,66a390001dfbcf63c091b134,TCS,EQ,N,4422.45,4337.05,4350.0,4387.85,4393.65,4322.5,3552210,15595841522.45,4422.45,3311.0,167036,INE467B01029,2024-07-26,2024-07-25T18:30:00.000Z,2024-07-26T12:01:04.645Z,2024-07-26T12:01:04.645Z,0,,4390.46,26-Jul-2024,
6,66a7847f95068b04ba31be4d,TCS,EQ,N,4431.0,4371.0,4415.0,4381.1,4380.0,4387.85,1746803,7669454915.15,4431.0,3311.0,119852,INE467B01029,2024-07-29,2024-07-28T18:30:00.000Z,2024-07-29T12:01:03.700Z,2024-07-29T12:01:03.700Z,0,,4390.57,29-Jul-2024,
7,66a8d5ff3c451435a9117c19,TCS,EQ,N,4398.0,4327.3,4391.1,4365.35,4353.15,4381.1,1797906,7835871346.1,4431.0,3311.0,145705,INE467B01029,2024-07-30,2024-07-29T18:30:00.000Z,2024-07-30T12:01:03.396Z,2024-07-30T12:01:03.396Z,0,,4358.33,30-Jul-2024,
8,66aa2780afbdcf04e0a0460c,TCS,EQ,N,4414.0,4345.0,4350.0,4385.35,4392.0,4365.35,2330091,10222933214.05,4431.0,3311.0,166542,INE467B01029,2024-07-31,2024-07-30T18:30:00.000Z,2024-07-31T12:01:04.039Z,2024-07-31T12:01:04.039Z,0,,4387.35,31-Jul-2024,
9,66ab7900317716e8cb9a3dc1,TCS,EQ,N,4419.3,4365.05,4399.4,4397.1,4387.0,4385.35,2202244,9667930574.85,4431.0,3311.0,125252,INE467B01029,2024-08-01,2024-07-31T18:30:00.000Z,2024-08-01T12:01:04.219Z,2024-08-01T12:01:04.219Z,0,,4390.04,01-Aug-2024,
10,66acca800084639b6163fc66,TCS,EQ,N,4398.0,4270.0,4365.0,4283.05,4283.85,4397.1,2811282,12114777969.55,4431.0,3311.0,213069,INE467B01029,2024-08-02,2024-08-01T18:30:00.000Z,2024-08-02T12:01:04.415Z,2024-08-02T12:01:04.415Z,0,,4309.34,02-Aug-2024,
11,66b0bf00eb232aa7756f5bd2,TCS,EQ,N,4239.0,4110.5,4239.0,4155.05,4160.0,4283.05,2787771,11611760562.2,4431.0,3311.0,169844,INE467B01029,2024-08-05,2024-08-04T18:30:00.000Z,2024-08-05T12:01:04.032Z,2024-08-05T12:01:04.032Z,0,,4165.25,05-Aug-2024,
12,66b21080c01765b7ee1d28f5,TCS,EQ,N,4258.25,4160.8,4170.95,4171.2,4175.1,4155.05,2203067,9239608320.05,4431.0,3311.0,134281,INE467B01029,2024-08-06,2024-08-05T18:30:00.000Z,2024-08-06T12:01:04.361Z,2024-08-06T12:01:04.361Z,0,,4193.98,06-Aug-2024,
13,66b36200c65c452d432b4d47,TCS,EQ,N,4244.95,4180.3,4228.0,4200.45,4201.0,4171.2,1237666,5200150778.85,4431.0,3311.0,102627,INE467B01029,2024-08-07,2024-08-06T18:30:00.000Z,2024-08-07T12:01:04.189Z,2024-08-07T12:01:04.189Z,0,,4201.58,07-Aug-2024,
14,66b4b380beafe5d0f80851c9,TCS,EQ,N,4232.0,4160.0,4181.0,4172.55,4174.0,4200.45,2441283,10230119942.8,4431.0,3311.0,120490,INE467B01029,2024-08-08,2024-08-07T18:30:00.000Z,2024-08-08T12:01:04.484Z,2024-08-08T12:01:04.484Z,0,,4190.47,08-Aug-2024,
15,66b604ffc86b37241cf69e0a,TCS,EQ,N,4253.65,4205.55,4217.0,4228.75,4220.0,4172.55,1302536,5514705150.35,4431.0,3311.0,79876,INE467B01029,2024-08-09,2024-08-08T18:30:00.000Z,2024-08-09T12:01:03.465Z,2024-08-09T12:01:03.465Z,0,,4233.82,09-Aug-2024,
16,66b9f980e011553e4448662a,TCS,EQ,N,4239.0,4186.35,4230.0,4195.65,4193.1,4228.75,936912,3944978151.6,4431.0,3311.0,86028,INE467B01029,2024-08-12,2024-08-11T18:30:00.000Z,2024-08-12T12:01:04.372Z,2024-08-12T12:01:04.372Z,0,,4210.62,12-Aug-2024,
17,66bb4aff43944ad5f60bc44d,TCS,EQ,N,4234.0,4183.0,4213.0,4196.95,4197.0,4195.65,1495593,6295091175.55,4431.0,3311.0,99105,INE467B01029,2024-08-13,2024-08-12T18:30:00.000Z,2024-08-13T12:01:03.930Z,2024-08-13T12:01:03.930Z,0,,4209.09,13-Aug-2024,
18,66bc9c7fe5e9e337a4e0209c,TCS,EQ,N,4306.2,4188.15,4209.0,4295.25,4293.0,4196.95,3226545,13763619690.8,4431.0,3311.0,182461,INE467B01029,2024-08-14,2024-08-13T18:30:00.000Z,2024-08-14T12:01:03.782Z,2024-08-14T12:01:03.782Z,0,,4265.75,14-Aug-2024,
19,66bf3f7fd618a56308083d0d,TCS,EQ,N,4427.0,4325.1,4350.0,4416.05,4414.2,4295.25,3457058,15195430172.75,4431.0,3311.0,233969,INE467B01029,2024-08-16,2024-08-15T18:30:00.000Z,2024-08-16T12:01:03.938Z,2024-08-16T12:01:03.938Z,0,,4395.48,16-Aug-2024,
20,66c33400791b610bc6027101,TCS,EQ,N,4494.25,4390.35,4421.0,4490.0,4490.0,4416.05,2055210,9165457457.55,4494.25,3311.0,118736,INE467B01029,2024-08-19,2024-08-18T18:30:00.000Z,2024-08-19T12:01:04.018Z,2024-08-19T12:01:04.018Z,0,,4459.62,19-Aug-2024,
21,66c48580ca024ae00a38299b,TCS,EQ,N,4565.0,4500.0,4505.0,4523.3,4505.0,4490.0,2212298,10020613301.75,4565.0,3311.0,128019,INE467B01029,2024-08-20,2024-08-19T18:30:00.000Z,2024-08-20T12:01:04.166Z,2024-08-20T12:01:04.166Z,0,,4529.5,20-Aug-2024,
22,66c5d6ff7d87ff8fce09dee5,TCS,EQ,N,4560.0,4492.55,4518.0,4551.5,4550.0,4523.3,1896990,8592617038.5,4565.0,3311.0,115023,INE467B01029,2024-08-21,2024-08-20T18:30:00.000Z,2024-08-21T12:01:03.923Z,2024-08-21T12:01:03.923Z,0,,4529.61,21-Aug-2024,
23,66c7287fca847f6a4b1ec272,TCS,EQ,N,4560.95,4497.2,4560.0,4502.0,4502.0,4551.5,1829872,8262819007.85,4565.0,3311.0,114303,INE467B01029,2024-08-22,2024-08-21T18:30:00.000Z,2024-08-22T12:01:03.884Z,2024-08-22T12:01:03.884Z,0,,4515.52,22-Aug-2024,
24,66c87a006952857aea11d89f,TCS,EQ,N,4506.0,4455.0,4500.0,4463.9,4473.05,4502.0,1809253,8085619687.4,4565.0,3311.0,101893,INE467B01029,2024-08-23,2024-08-22T18:30:00.000Z,2024-08-23T12:01:04.202Z,2024-08-23T12:01:04.202Z,0,,4469.04,23-Aug-2024,
25,66cc6e809e0a57e51663098d,TCS,EQ,N,4552.15,4485.0,4489.0,4502.45,4506.6,4463.9,1844164,8330571610.15,4565.0,3311.0,118509,INE467B01029,2024-08-26,2024-08-25T18:30:00.000Z,2024-08-26T12:01:04.443Z,2024-08-26T12:01:04.443Z,0,,4517.26,26-Aug-2024,
26,66cdc0005ac33851079b59f7,TCS,EQ,N,4510.0,4486.8,4505.0,4497.15,4491.0,4502.45,930697,4185134647.0,4565.0,3311.0,65265,INE467B01029,2024-08-27,2024-08-26T18:30:00.000Z,2024-08-27T12:01:04.360Z,2024-08-27T12:01:04.360Z,0,,4496.77,27-Aug-2024,
27,66cf118027d60587a4977720,TCS,EQ,N,4562.5,4457.3,4498.75,4506.05,4513.0,4497.15,1848058,8344430539.8,4565.0,3311.0,127744,INE467B01029,2024-08-28,2024-08-27T18:30:00.000Z,2024-08-28T12:01:04.358Z,2024-08-28T12:01:04.358Z,0,,4515.24,28-Aug-2024,
28,66d0630028fe008f761c00aa,TCS,EQ,N,4556.0,4460.0,4460.0,4511.8,4507.0,4506.05,2133641,9634899513.2,4565.0,3311.0,138513,INE467B01029,2024-08-29,2024-08-28T18:30:00.000Z,2024-08-29T12:01:04.310Z,2024-08-29T12:01:04.310Z,0,,4515.71,29-Aug-2024,
29,66d1b47f98930397001459e6,TCS,EQ,N,4592.25,4487.8,4500.0,4553.75,4562.7,4511.8,3637222,16533915087.45,4592.25,3311.0,155239,INE467B01029,2024-08-30,2024-08-29T18:30:00.000Z,2024-08-30T12:01:03.931Z,2024-08-30T12:01:03.931Z,0,,4545.75,30-Aug-2024,
30,66d678a7be2f10fa7b341627,TCS,EQ,N,4588.0,4512.0,4576.0,4521.05,4526.4,4553.75,1216500,5529299899.1,4592.25,3311.0,109365,INE467B01029,2024-09-02,2024-09-01T18:30:00.000Z,2024-09-03T02:47:03.508Z,2024-09-03T02:47:03.508Z,0,,4545.25,02-Sep-2024,
31,66d71912be2f10fa7b343aa2,TCS,EQ,N,4555.9,4495.9,4521.05,4512.35,4512.65,4521.05,1717263,7768215760.7,4592.25,3311.0,117744,INE467B01029,2024-09-03,2024-09-02T18:30:00.000Z,2024-09-03T14:11:30.872Z,2024-09-03T14:11:30.872Z,0,,4523.6,03-Sep-2024,
32,667176f8aa77ddb4ece817ed,TCS,EQ,N,3842.0,3795.05,3826.05,3815.1,3819.0,3832.05,1774045,6775333799.5,4254.75,3173.0,126236,INE467B01029,2024-06-18,2024-06-17T18:30:00.000Z,2024-06-18T12:00:56.206Z,2024-06-18T12:00:56.206Z,0,,3819.14,18-Jun-2024,
33,6672c8780b70e62adc2c8702,TCS,EQ,N,3833.85,3792.95,3827.65,3801.7,3801.0,3815.1,1509050,5744844872.3,4254.75,3173.0,111353,INE467B01029,2024-06-19,2024-06-18T18:30:00.000Z,2024-06-19T12:00:56.994Z,2024-06-19T12:00:56.994Z,0,,3806.93,19-Jun-2024,
34,667419f88353ec3d62912a23,TCS,EQ,N,3809.95,3780.05,3796.0,3787.25,3789.85,3801.7,2846526,10793810411.95,4254.75,3173.0,226469,INE467B01029,2024-06-20,2024-06-19T18:30:00.000Z,2024-06-20T12:00:56.093Z,2024-06-20T12:00:56.093Z,0,,3791.92,20-Jun-2024,
35,66756b795a7fcffe87c9f3e7,TCS,EQ,N,3877.8,3798.05,3827.0,3810.75,3802.0,3787.25,4642195,17769672677.3,4254.75,3173.0,206639,INE467B01029,2024-06-21,2024-06-20T18:30:00.000Z,2024-06-21T12:00:57.760Z,2024-06-21T12:00:57.760Z,0,,3827.86,21-Jun-2024,
36,66795ff849303719e3d407d5,TCS,EQ,N,3857.0,3791.3,3808.75,3816.8,3815.0,3810.75,1702154,6526663734.2,4254.75,3173.0,115165,INE467B01029,2024-06-24,2024-06-23T18:30:00.000Z,2024-06-24T12:00:56.837Z,2024-06-24T12:00:56.837Z,0,,3834.36,24-Jun-2024,
37,667ab1782233307ad9444b99,TCS,EQ,N,3847.65,3792.9,3817.0,3838.45,3840.0,3816.8,1338808,5117458194.4,4254.75,3173.0,140971,INE467B01029,2024-06-25,2024-06-24T18:30:00.000Z,2024-06-25T12:00:56.324Z,2024-06-25T12:00:56.324Z,0,,3822.4,25-Jun-2024,
38,667c02f842be97760a6f3f5a,TCS,EQ,N,3866.95,3841.0,3844.5,3855.85,3853.3,3838.45,1639845,6323455478.65,4254.75,3173.0,159513,INE467B01029,2024-06-26,2024-06-25T18:30:00.000Z,2024-06-26T12:00:56.474Z,2024-06-26T12:00:56.474Z,0,,3856.13,26-Jun-2024,
39,667d54781ddb15b366b573d6,TCS,EQ,N,3942.0,3818.1,3831.0,3934.15,3928.0,3855.85,4526556,17641007616.5,4254.75,3173.0,308765,INE467B01029,2024-06-27,2024-06-26T18:30:00.000Z,2024-06-27T12:00:56.841Z,2024-06-27T12:00:56.841Z,0,,3897.23,27-Jun-2024,
40,667ea5f8fca0081bdb863cb4,TCS,EQ,N,3960.0,3897.85,3917.8,3904.15,3906.75,3934.15,2731571,10720556955.7,4254.75,3173.0,178435,INE467B01029,2024-06-28,2024-06-27T18:30:00.000Z,2024-06-28T12:00:56.923Z,2024-06-28T12:00:56.923Z,0,,3924.69,28-Jun-2024,
41,66829a7990e68cdd78b31552,TCS,EQ,N,4001.7,3884.0,3884.0,3978.2,3963.45,3904.15,2658723,10550877400.5,4254.75,3250.1,152648,INE467B01029,2024-07-01,2024-06-30T18:30:00.000Z,2024-07-01T12:00:57.458Z,2024-07-01T12:00:57.458Z,0,,3968.4,01-Jul-2024,
42,6683ebf9fd4f5ef6f5da08c8,TCS,EQ,N,4023.4,3982.55,3993.6,4017.4,4009.8,3978.2,2307449,9241906331.9,4254.75,3250.1,193878,INE467B01029,2024-07-02,2024-07-01T18:30:00.000Z,2024-07-02T12:00:57.428Z,2024-07-02T12:00:57.428Z,0,,4005.25,02-Jul-2024,
43,66853d784353d5f75649038e,TCS,EQ,N,4026.1,3955.0,4020.0,3965.25,3968.0,4017.4,1821198,7228650456.4,4254.75,3250.1,131803,INE467B01029,2024-07-03,2024-07-02T18:30:00.000Z,2024-07-03T12:00:56.911Z,2024-07-03T12:00:56.911Z,0,,3969.17,03-Jul-2024,
44,66868ef9c59932d2d890e12b,TCS,EQ,N,4047.35,3982.1,3999.85,4020.95,4019.95,3965.25,2518001,10134477139.9,4254.75,3250.1,140694,INE467B01029,2024-07-04,2024-07-03T18:30:00.000Z,2024-07-04T12:00:57.170Z,2024-07-04T12:00:57.170Z,0,,4024.81,04-Jul-2024,
45,6687e0b54e1ebb1a10c6c7a4,TCS,EQ,N,4026.75,3988.0,4010.0,4011.8,4010.0,4020.95,1668616,6686808295.4,4254.75,3250.1,120737,INE467B01029,2024-07-05,2024-07-04T18:30:00.000Z,2024-07-05T12:01:57.881Z,2024-07-05T12:01:57.881Z,0,,4007.4,05-Jul-2024,
46,668bd4f8e3abb192437a6141,TCS,EQ,N,4031.25,3978.05,4022.0,3993.2,3997.0,4011.8,1758882,7028192322.85,4254.75,3250.1,109949,INE467B01029,2024-07-08,2024-07-07T18:30:00.000Z,2024-07-08T12:00:56.838Z,2024-07-08T12:00:56.838Z,0,,3995.83,08-Jul-2024,
47,668d26796e90cf0dd863efaa,TCS,EQ,N,4006.95,3975.1,3985.0,3985.5,3983.7,3993.2,1305801,5210579214.45,4254.75,3250.1,142268,INE467B01029,2024-07-09,2024-07-08T18:30:00.000Z,2024-07-09T12:00:57.186Z,2024-07-09T12:00:57.186Z,0,,3990.33,09-Jul-2024,
48,668e77f963d2b6d8d7cfd257,TCS,EQ,N,4003.3,3902.0,3983.7,3909.15,3915.0,3985.5,2669716,10479963237.85,4254.75,3250.1,137357,INE467B01029,2024-07-10,2024-07-09T18:30:00.000Z,2024-07-10T12:00:57.132Z,2024-07-10T12:00:57.132Z,0,,3925.5,10-Jul-2024,
49,668fc97a38301280651e985e,TCS,EQ,N,3980.0,3895.6,3931.0,3923.7,3902.0,3909.15,4872189,19141549805.05,4254.75,3250.1,214372,INE467B01029,2024-07-11,2024-07-10T18:30:00.000Z,2024-07-11T12:00:58.388Z,2024-07-11T12:00:58.388Z,0,,3928.74,11-Jul-2024,
50,66911af9b104d5da3a3132b8,TCS,EQ,N,4199.95,3971.3,3980.0,4183.95,4182.45,3923.7,13509164,55617454764.65,4254.75,3250.1,800145,INE467B01029,2024-07-12,2024-07-11T18:30:00.000Z,2024-07-12T12:00:57.853Z,2024-07-12T12:00:57.853Z,0,,4117.02,12-Jul-2024,
51,66950f80bf3a6f2dbb8f4153,TCS,EQ,N,4240.0,4157.05,4235.7,4169.2,4167.35,4183.95,4848030,20381843135.15,4254.75,3311.0,238210,INE467B01029,2024-07-15,2024-07-14T18:30:00.000Z,2024-07-15T12:01:04.037Z,2024-07-15T12:01:04.037Z,0,,4204.15,15-Jul-2024,
52,66966100df8eb25d00bea1ec,TCS,EQ,N,4194.55,4144.9,4172.0,4178.45,4171.05,4169.2,2029521,8470051366.65,4254.75,3311.0,123240,INE467B01029,2024-07-16,2024-07-15T18:30:00.000Z,2024-07-16T12:01:04.782Z,2024-07-16T12:01:04.782Z,0,,4173.42,16-Jul-2024,
53,669904005ed3114ff8a4a3e4,TCS,EQ,N,4325.0,4160.0,4160.0,4315.55,4297.2,4178.45,5613364,23978361639.45,4325.0,3311.0,361931,INE467B01029,2024-07-18,2024-07-17T18:30:00.000Z,2024-07-18T12:01:04.054Z,2024-07-18T12:01:04.054Z,0,,4271.66,18-Jul-2024,
54,669a557f8265548596043bae,TCS,EQ,N,4358.75,4285.25,4317.4,4302.4,4298.0,4315.55,3903354,16859178396.2,4358.75,3311.0,290294,INE467B01029,2024-07-19,2024-07-18T18:30:00.000Z,2024-07-19T12:01:03.628Z,2024-07-19T12:01:03.628Z,0,,4319.15,19-Jul-2024,"[{'symbol': 'TCS', 'series': 'EQ', 'ind': '-', 'faceVal': '1', 'subject': 'Interim Dividend - Rs 10 Per Share', 'exDate': '19-Jul-2024', 'recDate': '20-Jul-2024', 'bcStartDate': '-', 'bcEndDate': '-', 'ndStartDate': '-', 'comp': 'Tata Consultancy Services Limited', 'isin': 'INE467B01029', 'ndEndDate': '-', 'caBroadcastDate': None}]"
55,669e4a00870f654ccaa9c9d4,TCS,EQ,N,4319.95,4265.0,4299.95,4287.35,4282.1,4302.4,1896386,8139560522.25,4358.75,3311.0,132112,INE467B01029,2024-07-22,2024-07-21T18:30:00.000Z,2024-07-22T12:01:04.294Z,2024-07-22T12:01:04.294Z,0,,4292.14,22-Jul-2024,
56,669f9b8006d947166d35ccdb,TCS,EQ,N,4361.7,4266.3,4283.0,4302.35,4311.0,4287.35,2365208,10175578824.25,4361.7,3311.0,180645,INE467B01029,2024-07-23,2024-07-22T18:30:00.000Z,2024-07-23T12:01:04.567Z,2024-07-23T12:01:04.567Z,0,,4302.19,23-Jul-2024,
57,66a0ecff74493739605c66d4,TCS,EQ,N,4339.1,4268.1,4287.5,4306.25,4305.0,4302.35,1809793,7799303896.95,4361.7,3311.0,118444,INE467B01029,2024-07-24,2024-07-23T18:30:00.000Z,2024-07-24T12:01:03.882Z,2024-07-24T12:01:03.882Z,0,,4309.5,24-Jul-2024,
58,66a23e8059a2ff696d1156a4,TCS,EQ,N,4343.0,4274.2,4295.0,4322.5,4332.25,4306.25,2810342,12125310419.4,4361.7,3311.0,196421,INE467B01029,2024-07-25,2024-07-24T18:30:00.000Z,2024-07-25T12:01:04.440Z,2024-07-25T12:01:04.440Z,0,,4314.53,25-Jul-2024,
59,6638c67f2aa5517ac06e8da4,TCS,EQ,N,3939.95,3853.0,3853.0,3921.05,3922.2,3843.4,2053831,8046888044.0,4254.75,3156.0,162185,INE467B01029,2024-05-06,2024-05-05T18:30:00.000Z,2024-05-06T12:01:03.289Z,2024-05-06T12:01:03.289Z,0,,3917.99,06-May-2024,
60,663a17ff9ab26689805f7962,TCS,EQ,N,3988.0,3913.5,3930.8,3978.95,3975.2,3921.05,2062112,8148536133.15,4254.75,3156.0,128480,INE467B01029,2024-05-07,2024-05-06T18:30:00.000Z,2024-05-07T12:01:03.679Z,2024-05-07T12:01:03.679Z,0,,3951.55,07-May-2024,
61,663b6980b05680891c26cc08,TCS,EQ,N,3984.3,3938.6,3961.0,3976.95,3968.1,3978.95,1247685,4950948533.2,4254.75,3156.0,110637,INE467B01029,2024-05-08,2024-05-07T18:30:00.000Z,2024-05-08T12:01:04.708Z,2024-05-08T12:01:04.708Z,0,,3968.11,08-May-2024,
62,663cbaff8d5f264dda5c6808,TCS,EQ,N,3971.0,3910.05,3962.0,3960.2,3956.0,3976.95,1726486,6817049440.4,4254.75,3156.0,156265,INE467B01029,2024-05-09,2024-05-08T18:30:00.000Z,2024-05-09T12:01:03.481Z,2024-05-09T12:01:03.481Z,0,,3948.51,09-May-2024,
63,663e0c8046d2e958942fe26e,TCS,EQ,N,3973.6,3885.05,3962.6,3893.9,3895.0,3960.2,1672489,6546206693.5,4254.75,3156.0,142144,INE467B01029,2024-05-10,2024-05-09T18:30:00.000Z,2024-05-10T12:01:04.721Z,2024-05-10T12:01:04.721Z,0,,3914.05,10-May-2024,
64,66422b0e942cb33221c5ab76,TCS,EQ,N,3955.0,3870.0,3884.5,3947.8,3947.0,3893.9,931326,3653700402.95,4254.75,3156.0,96702,INE467B01029,2024-05-13,2024-05-12T18:30:00.000Z,2024-05-13T15:00:30.367Z,2024-05-13T15:00:30.367Z,0,,3923.12,13-May-2024,
65,664352811b6d8b0c2d26887b,TCS,EQ,N,3945.8,3892.9,3936.0,3901.2,3902.0,3947.8,1058317,4144602576.75,4254.75,3156.0,96233,INE467B01029,2024-05-14,2024-05-13T18:30:00.000Z,2024-05-14T12:01:05.466Z,2024-05-14T12:01:05.466Z,0,,3916.22,14-May-2024,
66,6644a3ff097aef90e56ed69d,TCS,EQ,N,3926.95,3875.5,3904.5,3880.4,3882.7,3901.2,1115021,4338965538.5,4254.75,3156.0,88516,INE467B01029,2024-05-15,2024-05-14T18:30:00.000Z,2024-05-15T12:01:03.654Z,2024-05-15T12:01:03.654Z,0,,3891.38,15-May-2024,
67,6645f581f987b8967b7a7241,TCS,EQ,N,3909.5,3843.5,3891.1,3900.95,3892.0,3880.4,2599399,10091300479.85,4254.75,3156.0,187465,INE467B01029,2024-05-16,2024-05-15T18:30:00.000Z,2024-05-16T12:01:05.791Z,2024-05-16T12:01:05.791Z,0,,3882.17,16-May-2024,"[{'symbol': 'TCS', 'series': 'EQ', 'ind': '-', 'faceVal': '1', 'subject': 'Dividend - Rs 28 Per Share', 'exDate': '16-May-2024', 'recDate': '16-May-2024', 'bcStartDate': '-', 'bcEndDate': '-', 'ndStartDate': '-', 'comp': 'Tata Consultancy Services Limited', 'isin': 'INE467B01029', 'ndEndDate': '-', 'caBroadcastDate': None}]"
68,664747011aac9600b68eda80,TCS,EQ,N,3920.0,3830.0,3919.0,3834.1,3839.0,3900.95,2765804,10693118517.05,4254.75,3156.0,197919,INE467B01029,2024-05-17,2024-05-16T18:30:00.000Z,2024-05-17T12:01:05.525Z,2024-05-17T12:01:05.525Z,0,,3866.19,17-May-2024,
69,664898819912ee5938e039e8,TCS,EQ,N,3861.9,3840.0,3847.0,3851.45,3853.35,3834.1,91066,350551405.7,4254.75,3156.0,7224,INE467B01029,2024-05-18,2024-05-17T18:30:00.000Z,2024-05-18T12:01:05.473Z,2024-05-18T12:01:05.473Z,0,,3849.42,18-May-2024,
70,664c8d01f4259b678e1436a5,TCS,EQ,N,3844.75,3810.05,3830.6,3820.2,3825.0,3851.45,1908117,7289343660.9,4254.75,3156.0,200205,INE467B01029,2024-05-21,2024-05-20T18:30:00.000Z,2024-05-21T12:01:05.981Z,2024-05-21T12:01:05.981Z,0,,3820.18,21-May-2024,
71,664dde839f9c4eeb8b259adf,TCS,EQ,N,3841.25,3817.55,3835.0,3832.0,3831.5,3820.2,1311168,5022730247.75,4254.75,3156.0,101531,INE467B01029,2024-05-22,2024-05-21T18:30:00.000Z,2024-05-22T12:01:07.335Z,2024-05-22T12:01:07.335Z,0,,3830.73,22-May-2024,
72,664f30011f8ae82623f72329,TCS,EQ,N,3905.0,3825.5,3840.95,3893.45,3899.0,3832.0,2095742,8113203579.0,4254.75,3156.0,131534,INE467B01029,2024-05-23,2024-05-22T18:30:00.000Z,2024-05-23T12:01:05.820Z,2024-05-23T12:01:05.820Z,0,,3871.28,23-May-2024,
73,66508182b31262c71f926c67,TCS,EQ,N,3883.8,3844.3,3878.25,3849.5,3850.95,3893.45,1309452,5051369874.45,4254.75,3156.0,88592,INE467B01029,2024-05-24,2024-05-23T18:30:00.000Z,2024-05-24T12:01:06.872Z,2024-05-24T12:01:06.872Z,0,,3857.62,24-May-2024,
74,665476035dec2f370673c65c,TCS,EQ,N,3908.35,3841.35,3855.0,3847.05,3847.65,3849.5,1841538,7144426662.95,4254.75,3156.0,160642,INE467B01029,2024-05-27,2024-05-26T18:30:00.000Z,2024-05-27T12:01:07.739Z,2024-05-27T12:01:07.739Z,0,,3879.6,27-May-2024,
75,6655c784a98fb0233572ced2,TCS,EQ,N,3870.0,3830.0,3858.0,3839.9,3836.9,3847.05,1801993,6943692168.5,4254.75,3156.0,123639,INE467B01029,2024-05-28,2024-05-27T18:30:00.000Z,2024-05-28T12:01:08.705Z,2024-05-28T12:01:08.705Z,0,,3853.34,28-May-2024,
76,6657190217d3a1620269853b,TCS,EQ,N,3848.9,3800.0,3848.9,3803.65,3803.0,3839.9,1568095,5985700080.4,4254.75,3156.0,118150,INE467B01029,2024-05-29,2024-05-28T18:30:00.000Z,2024-05-29T12:01:06.535Z,2024-05-29T12:01:06.535Z,0,,3817.18,29-May-2024,
77,66586a8507ed5b004a4e5bc1,TCS,EQ,N,3794.4,3715.45,3777.0,3736.1,3739.0,3803.65,2919230,10941116841.4,4254.75,3156.0,186630,INE467B01029,2024-05-30,2024-05-29T18:30:00.000Z,2024-05-30T12:01:09.054Z,2024-05-30T12:01:09.054Z,0,,3747.95,30-May-2024,
78,6659bc040903dbe988ae703c,TCS,EQ,N,3749.8,3653.75,3740.0,3670.95,3698.0,3736.1,10956800,40368844653.2,4254.75,3156.0,323000,INE467B01029,2024-05-31,2024-05-30T18:30:00.000Z,2024-05-31T12:01:08.032Z,2024-05-31T12:01:08.032Z,0,,3684.36,31-May-2024,
79,665db0855ccce970d6d2fb06,TCS,EQ,N,3751.55,3696.0,3732.8,3702.85,3706.0,3670.95,2156773,8009653406.45,4254.75,3156.0,203491,INE467B01029,2024-06-03,2024-06-02T18:30:00.000Z,2024-06-03T12:01:09.694Z,2024-06-03T12:01:09.694Z,0,,3713.72,03-Jun-2024,
80,665f0ab12c725cd91e5d0acd,TCS,EQ,N,3745.0,3591.5,3700.0,3715.0,3732.55,3702.85,3395997,12545796705.45,4254.75,3156.0,274839,INE467B01029,2024-06-04,2024-06-03T18:30:00.000Z,2024-06-04T12:38:09.490Z,2024-06-04T12:38:09.490Z,0,,3694.29,04-Jun-2024,
81,666053851a12f5d2b3c4b4f7,TCS,EQ,N,3783.8,3700.0,3716.0,3746.45,3755.1,3715.0,2799670,10492304940.65,4254.75,3156.0,205741,INE467B01029,2024-06-05,2024-06-04T18:30:00.000Z,2024-06-05T12:01:09.057Z,2024-06-05T12:01:09.057Z,0,,3747.69,05-Jun-2024,
82,6661a5036d21c741a9ce1501,TCS,EQ,N,3839.9,3741.5,3781.0,3830.4,3836.0,3746.45,4328036,16431736429.5,4254.75,3156.0,281068,INE467B01029,2024-06-06,2024-06-05T18:30:00.000Z,2024-06-06T12:01:07.625Z,2024-06-06T12:01:07.625Z,0,,3796.58,06-Jun-2024,
83,6662f686ccaab586804419d8,TCS,EQ,N,3915.0,3837.3,3837.3,3893.95,3888.55,3830.4,4552445,17716023957.4,4254.75,3156.0,277984,INE467B01029,2024-06-07,2024-06-06T18:30:00.000Z,2024-06-07T12:01:10.399Z,2024-06-07T12:01:10.399Z,0,,3891.54,07-Jun-2024,
84,6666eaf7932810613dca6052,TCS,EQ,N,3905.9,3841.9,3895.0,3858.7,3859.0,3893.95,1734661,6704174826.45,4254.75,3156.0,117061,INE467B01029,2024-06-10,2024-06-09T18:30:00.000Z,2024-06-10T12:00:55.919Z,2024-06-10T12:00:55.919Z,0,,3864.83,10-Jun-2024,
85,66683c7886d61f4a369958be,TCS,EQ,N,3879.95,3841.0,3845.0,3852.1,3855.65,3858.7,1419898,5481742091.6,4254.75,3156.0,94929,INE467B01029,2024-06-11,2024-06-10T18:30:00.000Z,2024-06-11T12:00:56.049Z,2024-06-11T12:00:56.049Z,0,,3860.66,11-Jun-2024,
86,66698df8e9af587e2e37afef,TCS,EQ,N,3893.5,3827.45,3874.4,3831.65,3837.0,3852.1,2177001,8388848726.55,4254.75,3156.0,142302,INE467B01029,2024-06-12,2024-06-11T18:30:00.000Z,2024-06-12T12:00:56.287Z,2024-06-12T12:00:56.287Z,0,,3853.4,12-Jun-2024,
87,666adf77f891ef1f755e1189,TCS,EQ,N,3890.0,3852.0,3856.8,3878.15,3873.0,3831.65,1932323,7483532564.55,4254.75,3156.0,128094,INE467B01029,2024-06-13,2024-06-12T18:30:00.000Z,2024-06-13T12:00:55.675Z,2024-06-13T12:00:55.675Z,0,,3872.82,13-Jun-2024,
88,666c30f8250c23f3915edafa,TCS,EQ,N,3889.0,3828.0,3889.0,3832.05,3833.0,3878.15,1860730,7148928964.95,4254.75,3156.0,133590,INE467B01029,2024-06-14,2024-06-13T18:30:00.000Z,2024-06-14T12:00:56.618Z,2024-06-14T12:00:56.618Z,0,,3842.0,14-Jun-2024,
89,66040ccdf79bf22bf30e0041,TCS,EQ,N,3895.0,3829.4,3888.5,3840.9,3854.15,3877.5,1968575,7601845471.0,4254.75,3070.25,152258,INE467B01029,2024-03-27,2024-03-26T18:30:00.000Z,2024-03-27T12:10:53.694Z,2024-03-27T12:10:53.694Z,0,,3861.6,27-Mar-2024,
90,66055c007a3e097b6f8592de,TCS,EQ,N,3915.0,3840.5,3850.1,3876.3,3882.1,3840.9,4311783,16732186615.05,4254.75,3070.25,242073,INE467B01029,2024-03-28,2024-03-27T18:30:00.000Z,2024-03-28T12:01:04.586Z,2024-03-28T12:01:04.586Z,0,,3880.57,28-Mar-2024,
91,660aa200b6a351c2ba40dca1,TCS,EQ,N,3933.3,3888.05,3897.7,3916.75,3924.0,3876.3,1569676,6130799234.6,4254.75,3070.25,142337,INE467B01029,2024-04-01,2024-03-31T18:30:00.000Z,2024-04-01T12:01:04.144Z,2024-04-01T12:01:04.144Z,0,,3905.77,01-Apr-2024,
92,660bf35d4a76eba9c31e22a3,TCS,EQ,N,3909.85,3873.0,3890.0,3883.8,3890.2,3916.75,2142666,8327525479.35,4254.75,3070.25,152218,INE467B01029,2024-04-02,2024-04-01T18:30:00.000Z,2024-04-02T12:00:29.506Z,2024-04-02T12:00:29.506Z,0,,3886.53,02-Apr-2024,
93,660d4513d68c6c75db4e9dac,TCS,EQ,N,3981.0,3851.0,3851.0,3947.3,3950.05,3883.8,3973090,15655836798.6,4254.75,3070.25,232561,INE467B01029,2024-04-03,2024-04-02T18:30:00.000Z,2024-04-03T12:01:23.178Z,2024-04-03T12:01:23.178Z,0,,3940.47,03-Apr-2024,
94,660e96874c86b12e15541023,TCS,EQ,N,4028.65,3935.25,3975.9,4003.3,4000.0,3947.3,3394637,13521178797.2,4254.75,3070.25,196204,INE467B01029,2024-04-04,2024-04-03T18:30:00.000Z,2024-04-04T12:01:11.197Z,2024-04-04T12:01:11.197Z,0,,3983.1,04-Apr-2024,
95,661017c0b972bf436f411870,TCS,EQ,N,4002.0,3960.5,3978.0,3979.25,3983.0,4003.3,1636819,6519723297.55,4254.75,3070.25,95801,INE467B01029,2024-04-05,2024-04-04T18:30:00.000Z,2024-04-05T15:24:48.587Z,2024-04-05T15:24:48.587Z,0,,3983.17,05-Apr-2024,
96,6613dc800e60a36f852fbe20,TCS,EQ,N,4032.65,3960.0,3983.0,3972.55,3964.9,3979.25,2302538,9210823451.5,4254.75,3070.25,145126,INE467B01029,2024-04-08,2024-04-07T18:30:00.000Z,2024-04-08T12:01:04.653Z,2024-04-08T12:01:04.653Z,0,,4000.29,08-Apr-2024,
97,661551ed5e9189ad01de845d,TCS,EQ,N,4015.85,3925.05,3984.0,3946.55,3948.75,3972.55,1876992,7447401521.4,4254.75,3070.25,102114,INE467B01029,2024-04-09,2024-04-08T18:30:00.000Z,2024-04-09T14:34:21.678Z,2024-04-09T14:34:21.678Z,0,,3967.73,09-Apr-2024,
98,66167f7010604a87b12eb3f3,TCS,EQ,N,3990.2,3918.0,3956.4,3984.65,3980.75,3946.55,2101965,8316267625.3,4254.75,3070.25,108594,INE467B01029,2024-04-10,2024-04-09T18:30:00.000Z,2024-04-10T12:00:48.276Z,2024-04-10T12:00:48.276Z,0,,3956.43,10-Apr-2024,
99,661922610661c0c135aabe86,TCS,EQ,N,4013.35,3945.5,3971.0,4001.4,4003.8,3984.65,4354821,17378376127.55,4254.75,3070.25,200517,INE467B01029,2024-04-12,2024-04-11T18:30:00.000Z,2024-04-12T12:00:33.761Z,2024-04-12T12:00:33.761Z,0,,3990.61,12-Apr-2024,
100,661d170667f74c7b05bb482d,TCS,EQ,N,4064.2,3919.05,4001.4,3941.2,3940.8,4001.4,4200329,16761416762.1,4254.75,3070.25,245404,INE467B01029,2024-04-15,2024-04-14T18:30:00.000Z,2024-04-15T12:01:10.864Z,2024-04-15T12:01:10.864Z,0,,3990.5,15-Apr-2024,
101,661e6880c1cb1b1381320730,TCS,EQ,N,3928.7,3862.85,3902.0,3872.8,3875.95,3941.2,3051420,11866147836.3,4254.75,3070.25,147341,INE467B01029,2024-04-16,2024-04-15T18:30:00.000Z,2024-04-16T12:01:04.146Z,2024-04-16T12:01:04.146Z,0,,3888.73,16-Apr-2024,
102,66210b93e76a74aef2219064,TCS,EQ,N,3936.0,3850.0,3876.8,3862.0,3871.0,3872.8,3476284,13527691591.6,4254.75,3070.25,191254,INE467B01029,2024-04-18,2024-04-17T18:30:00.000Z,2024-04-18T12:01:23.667Z,2024-04-18T12:01:23.667Z,0,,3891.42,18-Apr-2024,
103,66225d00337be0542c00a3ca,TCS,EQ,N,3852.55,3800.9,3838.0,3826.2,3822.15,3862.0,2957749,11321504897.25,4254.75,3070.25,252913,INE467B01029,2024-04-19,2024-04-18T18:30:00.000Z,2024-04-19T12:01:04.729Z,2024-04-19T12:01:04.729Z,0,,3827.74,19-Apr-2024,
104,66266b2c8b80d02869c4ba0e,TCS,EQ,N,3878.0,3812.0,3837.0,3864.6,3875.9,3826.2,1728883,6641643736.05,4254.75,3126.15,99078,INE467B01029,2024-04-22,2024-04-21T18:30:00.000Z,2024-04-22T13:50:36.142Z,2024-04-22T13:50:36.142Z,0,,3841.58,22-Apr-2024,
105,6627a300801e6af21a9065d7,TCS,EQ,N,3895.0,3860.6,3877.05,3874.7,3875.0,3864.6,1807586,7009250573.8,4254.75,3126.15,132941,INE467B01029,2024-04-23,2024-04-22T18:30:00.000Z,2024-04-23T12:01:04.441Z,2024-04-23T12:01:04.441Z,0,,3877.69,23-Apr-2024,
106,6628f486ee264843e70df770,TCS,EQ,N,3898.0,3824.45,3890.0,3831.05,3835.0,3874.7,1317312,5076558245.0,4254.75,3126.15,113695,INE467B01029,2024-04-24,2024-04-23T18:30:00.000Z,2024-04-24T12:01:10.570Z,2024-04-24T12:01:10.570Z,0,,3853.73,24-Apr-2024,
107,662a53f7acbfbee48472baa7,TCS,EQ,N,3873.65,3811.0,3811.2,3852.2,3851.0,3831.05,2856271,10998153736.8,4254.75,3126.15,211754,INE467B01029,2024-04-25,2024-04-24T18:30:00.000Z,2024-04-25T13:00:39.045Z,2024-04-25T13:00:39.045Z,0,,3850.53,25-Apr-2024,
108,662b975de28b7d921598bcc1,TCS,EQ,N,3876.8,3802.55,3855.15,3821.35,3823.45,3852.2,2039178,7827090898.4,4254.75,3126.15,165343,INE467B01029,2024-04-26,2024-04-25T18:30:00.000Z,2024-04-26T12:00:29.668Z,2024-04-26T12:00:29.668Z,0,,3838.36,26-Apr-2024,
109,662f8bf5b8dbde73c7c4e29e,TCS,EQ,N,3877.8,3819.2,3838.0,3870.2,3865.0,3821.35,1110693,4287735190.85,4254.75,3156.0,109485,INE467B01029,2024-04-29,2024-04-28T18:30:00.000Z,2024-04-29T12:00:53.149Z,2024-04-29T12:00:53.149Z,0,,3860.41,29-Apr-2024,
110,6630dd85dc8ebee89219aa28,TCS,EQ,N,3881.75,3810.0,3872.0,3820.65,3823.95,3870.2,2203078,8462954749.45,4254.75,3156.0,144940,INE467B01029,2024-04-30,2024-04-29T18:30:00.000Z,2024-04-30T12:01:09.736Z,2024-04-30T12:01:09.736Z,0,,3841.42,30-Apr-2024,
111,6633805fe92b6cc8b03816ca,TCS,EQ,N,3871.1,3778.05,3778.05,3863.3,3865.0,3820.65,2491044,9582766032.85,4254.75,3156.0,220245,INE467B01029,2024-05-02,2024-05-01T18:30:00.000Z,2024-05-02T12:00:31.537Z,2024-05-02T12:00:31.537Z,0,,3846.89,02-May-2024,
112,6634d2004d890ecb3350057f,TCS,EQ,N,3893.6,3797.6,3890.15,3843.4,3838.0,3863.3,2962234,11374519156.95,4254.75,3156.0,193038,INE467B01029,2024-05-03,2024-05-02T18:30:00.000Z,2024-05-03T12:01:04.972Z,2024-05-03T12:01:04.972Z,0,,3839.84,03-May-2024,
113,6638c6622f97d2afb7c4224d,TCS,EQ,N,3939.95,3853.0,3853.0,3921.05,3922.2,3843.4,2053831,8046888044.0,4254.75,3156.0,162185,INE467B01029,2024-05-06,2024-05-05T18:30:00.000Z,2024-05-06T12:00:34.419Z,2024-05-06T12:00:34.419Z,0,,3917.99,06-May-2024,
114,65cf4e7f2c2e3f1498b00c67,TCS,EQ,N,4147.95,4100.1,4113.25,4128.3,4122.3,4103.2,1307556,5392447497.55,4184.75,3070.25,125414,INE467B01029,2024-02-16,2024-02-15T18:30:00.000Z,2024-02-16T12:01:03.103Z,2024-02-16T12:01:03.103Z,0,,4124.07,16-Feb-2024,
115,65d3a6e12affe4de647d7e62,TCS,EQ,N,4128.3,4055.0,4123.05,4103.8,4099.85,4128.3,772291,3160800378.55,4184.75,3070.25,70873,INE467B01029,2024-02-19,2024-02-18T18:30:00.000Z,2024-02-19T19:07:13.404Z,2024-02-19T19:07:13.404Z,0,,4092.76,19-Feb-2024,
116,65d4947fd2da93536de534d1,TCS,EQ,N,4098.0,4010.0,4082.1,4030.65,4035.0,4103.8,1193648,4831625596.8,4184.75,3070.25,108310,INE467B01029,2024-02-20,2024-02-19T18:30:00.000Z,2024-02-20T12:01:03.662Z,2024-02-20T12:01:03.662Z,0,,4047.78,20-Feb-2024,
117,65d5e5ffab8622318b86e209,TCS,EQ,N,4063.35,3980.6,4013.0,3991.5,3987.0,4030.65,1885939,7592748600.05,4184.75,3070.25,135075,INE467B01029,2024-02-21,2024-02-20T18:30:00.000Z,2024-02-21T12:01:03.939Z,2024-02-21T12:01:03.939Z,0,,4025.98,21-Feb-2024,
118,65d7378026ea36bd13097c29,TCS,EQ,N,4094.95,3971.0,3971.0,4087.1,4082.55,3991.5,2982052,12037760611.3,4184.75,3070.25,233453,INE467B01029,2024-02-22,2024-02-21T18:30:00.000Z,2024-02-22T12:01:04.578Z,2024-02-22T12:01:04.578Z,0,,4036.74,22-Feb-2024,
119,65d888ff36a4e86c36fe6c0e,TCS,EQ,N,4130.0,4046.4,4130.0,4052.1,4046.4,4087.1,2538072,10372488169.05,4184.75,3070.25,207942,INE467B01029,2024-02-23,2024-02-22T18:30:00.000Z,2024-02-23T12:01:03.604Z,2024-02-23T12:01:03.604Z,0,,4086.76,23-Feb-2024,
120,65dc7d7f5707e970d05aa0f6,TCS,EQ,N,4050.0,3982.75,4036.0,4001.05,4001.9,4052.1,1379284,5519738697.4,4184.75,3070.25,168908,INE467B01029,2024-02-26,2024-02-25T18:30:00.000Z,2024-02-26T12:01:03.591Z,2024-02-26T12:01:03.591Z,0,,4001.89,26-Feb-2024,
121,65ddceff3610846fc2bdf4cc,TCS,EQ,N,4124.0,3999.0,3999.0,4104.4,4100.5,4001.05,2960475,12089017645.25,4184.75,3070.25,235296,INE467B01029,2024-02-27,2024-02-26T18:30:00.000Z,2024-02-27T12:01:03.874Z,2024-02-27T12:01:03.874Z,0,,4083.47,27-Feb-2024,
122,65df207fb16cbb57800eebed,TCS,EQ,N,4154.9,4089.0,4095.6,4118.95,4109.9,4104.4,1939225,8001915262.3,4184.75,3070.25,139242,INE467B01029,2024-02-28,2024-02-27T18:30:00.000Z,2024-02-28T12:01:03.815Z,2024-02-28T12:01:03.815Z,0,,4126.35,28-Feb-2024,
123,65e071ff7c9755759afcfcab,TCS,EQ,N,4138.1,4064.55,4099.0,4095.1,4113.0,4118.95,3772719,15462863779.5,4184.75,3070.25,165001,INE467B01029,2024-02-29,2024-02-28T18:30:00.000Z,2024-02-29T12:01:03.989Z,2024-02-29T12:01:03.989Z,0,,4098.6,29-Feb-2024,
124,65e1c37f5c02be27622f9a62,TCS,EQ,N,4140.0,4086.8,4107.2,4094.35,4093.0,4095.1,2043265,8399555212.15,4184.75,3070.25,157981,INE467B01029,2024-03-01,2024-02-29T18:30:00.000Z,2024-03-01T12:01:03.287Z,2024-03-01T12:01:03.287Z,0,,4110.85,01-Mar-2024,
125,65e3a21042d7e8ee3d2e8479,TCS,EQ,N,4129.5,4090.15,4112.7,4107.1,4110.0,4094.35,65057,267426764.05,4184.75,3070.25,8974,INE467B01029,2024-03-02,2024-03-01T18:30:00.000Z,2024-03-02T22:02:56.653Z,2024-03-02T22:02:56.653Z,0,,4110.65,02-Mar-2024,
126,65e5b7ffb33976f8b974d4ee,TCS,EQ,N,4117.9,4075.9,4105.0,4080.7,4082.0,4107.1,1749271,7154955206.3,4184.75,3070.25,114412,INE467B01029,2024-03-04,2024-03-03T18:30:00.000Z,2024-03-04T12:01:03.935Z,2024-03-04T12:01:03.935Z,0,,4090.25,04-Mar-2024,
127,65e70980a0e4c105af47ec9e,TCS,EQ,N,4064.0,3980.0,4062.0,4012.1,4010.9,4080.7,2070859,8319342582.8,4184.75,3070.25,152615,INE467B01029,2024-03-05,2024-03-04T18:30:00.000Z,2024-03-05T12:01:04.541Z,2024-03-05T12:01:04.541Z,0,,4017.34,05-Mar-2024,
128,65e85aff3d619fdb6b8a21f5,TCS,EQ,N,4072.0,3958.45,3994.05,4064.3,4058.0,4012.1,1744204,6998878535.55,4184.75,3070.25,140908,INE467B01029,2024-03-06,2024-03-05T18:30:00.000Z,2024-03-06T12:01:03.929Z,2024-03-06T12:01:03.929Z,0,,4012.65,06-Mar-2024,
129,65e9ac8000d1fb4fc05beaf1,TCS,EQ,N,4124.0,4037.7,4065.0,4108.6,4105.0,4064.3,2688905,11021820076.2,4184.75,3070.25,154179,INE467B01029,2024-03-07,2024-03-06T18:30:00.000Z,2024-03-07T12:01:04.377Z,2024-03-07T12:01:04.377Z,0,,4099.0,07-Mar-2024,
130,65ef07ca5fe223d9a6566caf,TCS,EQ,N,4153.0,4089.0,4089.0,4122.35,4120.0,4108.6,2304068,9504184843.45,4184.75,3070.25,188233,INE467B01029,2024-03-11,2024-03-10T18:30:00.000Z,2024-03-11T13:31:54.874Z,2024-03-11T13:31:54.874Z,0,,4124.96,11-Mar-2024,
131,65f044009c231513c216cd75,TCS,EQ,N,4229.95,4121.05,4122.35,4192.25,4194.55,4122.35,4039801,16960233961.3,4229.95,3070.25,216551,INE467B01029,2024-03-12,2024-03-11T18:30:00.000Z,2024-03-12T12:01:04.305Z,2024-03-12T12:01:04.305Z,0,,4198.28,12-Mar-2024,
132,65f195810cab811b84ac1fea,TCS,EQ,N,4241.0,4131.9,4205.0,4149.0,4139.0,4192.25,2837260,11852184104.8,4241.0,3070.25,208881,INE467B01029,2024-03-13,2024-03-12T18:30:00.000Z,2024-03-13T12:01:05.544Z,2024-03-13T12:01:05.544Z,0,,4177.33,13-Mar-2024,
133,65f2e7008643f48501bb45af,TCS,EQ,N,4225.0,4086.0,4153.45,4207.6,4207.75,4149.0,2919608,12163965941.7,4241.0,3070.25,262125,INE467B01029,2024-03-14,2024-03-13T18:30:00.000Z,2024-03-14T12:01:04.469Z,2024-03-14T12:01:04.469Z,0,,4166.3,14-Mar-2024,
134,65f4387fefaa46581de632a4,TCS,EQ,N,4239.0,4177.0,4192.6,4219.25,4220.0,4207.6,3373143,14212088365.25,4241.0,3070.25,176623,INE467B01029,2024-03-15,2024-03-14T18:30:00.000Z,2024-03-15T12:01:03.937Z,2024-03-15T12:01:03.937Z,0,,4213.31,15-Mar-2024,
135,65f82d0014748b242217124d,TCS,EQ,N,4254.75,4117.85,4215.25,4152.5,4144.25,4219.25,1526904,6408084083.05,4254.75,3070.25,129335,INE467B01029,2024-03-18,2024-03-17T18:30:00.000Z,2024-03-18T12:01:04.347Z,2024-03-18T12:01:04.347Z,0,,4196.78,18-Mar-2024,
136,65f97e809d54172e5433a254,TCS,EQ,N,4058.0,3966.6,4051.25,3977.3,3971.0,4152.5,8931209,35926206807.15,4254.75,3070.25,293529,INE467B01029,2024-03-19,2024-03-18T18:30:00.000Z,2024-03-19T12:01:04.028Z,2024-03-19T12:01:04.028Z,0,,4022.55,19-Mar-2024,
137,65facfffcf5221fc299a4631,TCS,EQ,N,4018.0,3960.2,3986.0,3970.9,3974.95,3977.3,1817913,7262745848.35,4254.75,3070.25,134030,INE467B01029,2024-03-20,2024-03-19T18:30:00.000Z,2024-03-20T12:01:03.766Z,2024-03-20T12:01:03.766Z,0,,3995.1,20-Mar-2024,
138,65fc21806db2d5c9a6b5d456,TCS,EQ,N,4008.4,3948.0,3990.05,3972.95,3979.45,3970.9,3829582,15214604392.05,4254.75,3070.25,227156,INE467B01029,2024-03-21,2024-03-20T18:30:00.000Z,2024-03-21T12:01:04.040Z,2024-03-21T12:01:04.040Z,0,,3972.92,21-Mar-2024,
139,65fd72ffeaeb51486537a450,TCS,EQ,N,3938.0,3855.0,3897.0,3910.9,3909.0,3972.95,5852485,22843670096.35,4254.75,3070.25,431155,INE467B01029,2024-03-22,2024-03-21T18:30:00.000Z,2024-03-22T12:01:04.009Z,2024-03-22T12:01:04.009Z,0,,3903.24,22-Mar-2024,
140,6602db37d9e78bbf11401b74,TCS,EQ,N,3946.7,3871.45,3875.0,3877.5,3883.0,3910.9,3440925,13399953628.95,4254.75,3070.25,176329,INE467B01029,2024-03-26,2024-03-25T18:30:00.000Z,2024-03-26T14:27:03.819Z,2024-03-26T14:27:03.819Z,0,,3894.29,26-Mar-2024,
141,66040cd79f25a30f219d3ea6,TCS,EQ,N,3895.0,3829.4,3888.5,3840.9,3854.15,3877.5,1968575,7601845471.0,4254.75,3070.25,152258,INE467B01029,2024-03-27,2024-03-26T18:30:00.000Z,2024-03-27T12:11:03.940Z,2024-03-27T12:11:03.940Z,0,,3861.6,27-Mar-2024,
142,659be400ea621d7958ff3254,TCS,EQ,N,3739.75,3672.4,3737.9,3678.3,3680.85,3737.9,1067805,3947062246.4,3929.0,3070.25,137547,INE467B01029,2024-01-08,2024-01-07T18:30:00.000Z,2024-01-08T12:01:04.348Z,2024-01-08T12:01:04.348Z,0,,3696.43,08-Jan-2024,
143,659d357f84db3a7aed27da80,TCS,EQ,N,3752.35,3682.75,3709.95,3689.9,3696.0,3678.3,1370944,5094642955.85,3929.0,3070.25,112174,INE467B01029,2024-01-09,2024-01-08T18:30:00.000Z,2024-01-09T12:01:03.582Z,2024-01-09T12:01:03.582Z,0,,3716.16,09-Jan-2024,
144,659e86ffb7e812fb4027f4f7,TCS,EQ,N,3729.25,3688.0,3690.0,3713.05,3707.05,3689.9,1292227,4790202220.4,3929.0,3070.25,111912,INE467B01029,2024-01-10,2024-01-09T18:30:00.000Z,2024-01-10T12:01:03.178Z,2024-01-10T12:01:03.178Z,0,,3706.94,10-Jan-2024,
145,659fd87fb9681b704da726a3,TCS,EQ,N,3773.0,3707.0,3724.0,3735.55,3726.7,3713.05,1777909,6646566140.9,3929.0,3070.25,135916,INE467B01029,2024-01-11,2024-01-10T18:30:00.000Z,2024-01-11T12:01:03.991Z,2024-01-11T12:01:03.991Z,0,,3738.42,11-Jan-2024,
146,65a129ffae79d4199d80d1a0,TCS,EQ,N,3905.25,3821.6,3848.0,3882.8,3881.9,3735.55,6813450,26392805818.3,3929.0,3070.25,337824,INE467B01029,2024-01-12,2024-01-11T18:30:00.000Z,2024-01-12T12:01:03.333Z,2024-01-12T12:01:03.333Z,0,,3873.63,12-Jan-2024,
147,65a5233039449708844565dd,TCS,EQ,N,3965.0,3885.0,3960.0,3903.8,3902.0,3882.8,2801505,10989386687.15,3965.0,3070.25,265310,INE467B01029,2024-01-15,2024-01-14T18:30:00.000Z,2024-01-15T12:21:04.507Z,2024-01-15T12:21:04.507Z,0,,3922.67,15-Jan-2024,
148,65a66fff0dc89412fb13d5de,TCS,EQ,N,3899.0,3855.55,3899.0,3861.3,3861.05,3903.8,1432672,5549555027.65,3965.0,3070.25,157027,INE467B01029,2024-01-16,2024-01-15T18:30:00.000Z,2024-01-16T12:01:03.573Z,2024-01-16T12:01:03.573Z,0,,3873.57,16-Jan-2024,
149,65a7c1803b001ae2ee2bbc58,TCS,EQ,N,3909.95,3812.55,3819.0,3884.6,3880.0,3861.3,3458696,13428630127.85,3965.0,3070.25,161556,INE467B01029,2024-01-17,2024-01-16T18:30:00.000Z,2024-01-17T12:01:04.161Z,2024-01-17T12:01:04.161Z,0,,3882.57,17-Jan-2024,
150,65a912ffc00916544b66d0eb,TCS,EQ,N,3908.8,3862.0,3898.0,3902.6,3902.0,3884.6,2239110,8705605580.15,3965.0,3070.25,200495,INE467B01029,2024-01-18,2024-01-17T18:30:00.000Z,2024-01-18T12:01:03.958Z,2024-01-18T12:01:03.958Z,0,,3887.98,18-Jan-2024,
151,65aa64bbbe73653a7dde1883,TCS,EQ,N,3963.55,3915.05,3945.0,3943.05,3947.0,3902.6,2941975,11599414329.35,3965.0,3070.25,272591,INE467B01029,2024-01-19,2024-01-18T18:30:00.000Z,2024-01-19T12:02:03.189Z,2024-01-19T12:02:03.189Z,0,,3942.73,19-Jan-2024,"[{'symbol': 'TCS', 'series': 'EQ', 'ind': '-', 'faceVal': '1', 'subject': 'Interim Dividend - Rs 9 Per Share Special Dividend - Rs 18 Per Share', 'exDate': '19-Jan-2024', 'recDate': '19-Jan-2024', 'bcStartDate': '-', 'bcEndDate': '-', 'ndStartDate': '-', 'comp': 'Tata Consultancy Services Limited', 'isin': 'INE467B01029', 'ndEndDate': '-', 'caBroadcastDate': None}]"
152,65abbaaf54ac362a3a379417,TCS,EQ,N,3955.65,3855.55,3948.0,3860.65,3859.3,3943.05,516477,2012614827.2,3965.0,3070.25,47373,INE467B01029,2024-01-20,2024-01-19T18:30:00.000Z,2024-01-20T12:21:03.414Z,2024-01-20T12:21:03.414Z,0,,3896.81,20-Jan-2024,
153,65afaa7f4c36d9af342c4957,TCS,EQ,N,3933.9,3842.75,3900.0,3858.25,3860.05,3860.65,2618854,10165879227.3,3965.0,3070.25,214176,INE467B01029,2024-01-23,2024-01-22T18:30:00.000Z,2024-01-23T12:01:03.309Z,2024-01-23T12:01:03.309Z,0,,3881.8,23-Jan-2024,
154,65b0fc00fd857037aa420078,TCS,EQ,N,3883.65,3805.6,3880.0,3841.8,3859.4,3858.25,2657709,10210948798.05,3965.0,3070.25,119466,INE467B01029,2024-01-24,2024-01-23T18:30:00.000Z,2024-01-24T12:01:04.039Z,2024-01-24T12:01:04.039Z,0,,3842.01,24-Jan-2024,
155,65b24d7f44a9da0c3c0d6c2f,TCS,EQ,N,3861.0,3778.7,3839.9,3810.3,3807.0,3841.8,2205154,8386394648.75,3965.0,3070.25,186169,INE467B01029,2024-01-25,2024-01-24T18:30:00.000Z,2024-01-25T12:01:03.096Z,2024-01-25T12:01:03.096Z,0,,3803.09,25-Jan-2024,
156,65b79380973fc28b34e1fe24,TCS,EQ,N,3820.0,3780.85,3800.8,3801.0,3807.0,3810.3,1646747,6255155335.6,3965.0,3070.25,114028,INE467B01029,2024-01-29,2024-01-28T18:30:00.000Z,2024-01-29T12:01:04.119Z,2024-01-29T12:01:04.119Z,0,,3798.49,29-Jan-2024,
157,65b8e4ff11b384b5b95b0a81,TCS,EQ,N,3847.8,3787.0,3807.45,3800.55,3801.4,3801.0,1411621,5387816849.15,3965.0,3070.25,96931,INE467B01029,2024-01-30,2024-01-29T18:30:00.000Z,2024-01-30T12:01:03.593Z,2024-01-30T12:01:03.593Z,0,,3816.76,30-Jan-2024,
158,65ba367f77ad05184c68ec5e,TCS,EQ,N,3834.0,3796.45,3811.2,3815.95,3804.0,3800.55,2459358,9382220705.45,3965.0,3070.25,166663,INE467B01029,2024-01-31,2024-01-30T18:30:00.000Z,2024-01-31T12:01:03.413Z,2024-01-31T12:01:03.413Z,0,,3814.91,31-Jan-2024,
159,65bb88000cfb80e0be8094f9,TCS,EQ,N,3904.9,3805.05,3820.0,3854.15,3842.65,3815.95,2363107,9130767055.9,3965.0,3070.25,200156,INE467B01029,2024-02-01,2024-01-31T18:30:00.000Z,2024-02-01T12:01:04.113Z,2024-02-01T12:01:04.113Z,0,,3863.88,01-Feb-2024,
160,65bcd9822c9fdc9586dc5921,TCS,EQ,N,3984.4,3872.0,3875.05,3966.3,3959.2,3854.15,2826510,11149116302.85,3984.4,3070.25,271200,INE467B01029,2024-02-02,2024-02-01T18:30:00.000Z,2024-02-02T12:01:06.073Z,2024-02-02T12:01:06.073Z,0,,3944.48,02-Feb-2024,
161,65c0ce004238a31bd0d85c28,TCS,EQ,N,4022.0,3962.1,3983.0,3973.3,3966.95,3966.3,1691523,6759438477.25,4022.0,3070.25,156341,INE467B01029,2024-02-05,2024-02-04T18:30:00.000Z,2024-02-05T12:01:04.571Z,2024-02-05T12:01:04.571Z,0,,3996.07,05-Feb-2024,
162,65c21f7f9de3721407c0ba82,TCS,EQ,N,4149.9,3990.0,3997.0,4136.0,4129.35,3973.3,4474396,18373368282.15,4149.9,3070.25,325723,INE467B01029,2024-02-06,2024-02-05T18:30:00.000Z,2024-02-06T12:01:04.032Z,2024-02-06T12:01:04.032Z,0,,4106.33,06-Feb-2024,
163,65c370ff06bf92bcaaeaae4d,TCS,EQ,N,4155.0,4073.95,4153.0,4083.4,4085.0,4136.0,2124267,8742061109.55,4155.0,3070.25,177689,INE467B01029,2024-02-07,2024-02-06T18:30:00.000Z,2024-02-07T12:01:03.692Z,2024-02-07T12:01:03.692Z,0,,4115.33,07-Feb-2024,
164,65c4c27f57e8417d003e2b1d,TCS,EQ,N,4158.0,4086.05,4090.0,4134.1,4137.85,4083.4,2345173,9668540283.35,4158.0,3070.25,212471,INE467B01029,2024-02-08,2024-02-07T18:30:00.000Z,2024-02-08T12:01:03.986Z,2024-02-08T12:01:03.986Z,0,,4122.74,08-Feb-2024,
165,65c61400b16d2a11203bd0cd,TCS,EQ,N,4184.75,4100.0,4136.55,4133.7,4132.0,4134.1,2100596,8687013883.3,4184.75,3070.25,204415,INE467B01029,2024-02-09,2024-02-08T18:30:00.000Z,2024-02-09T12:01:04.013Z,2024-02-09T12:01:04.013Z,0,,4135.5,09-Feb-2024,
166,65ca087f1de075c7ebe81602,TCS,EQ,N,4159.6,4105.55,4130.0,4120.7,4119.0,4133.7,1013716,4184716444.45,4184.75,3070.25,110339,INE467B01029,2024-02-12,2024-02-11T18:30:00.000Z,2024-02-12T12:01:03.885Z,2024-02-12T12:01:03.885Z,0,,4128.1,12-Feb-2024,
167,65cb59ff3328eca8adc58a51,TCS,EQ,N,4170.0,4081.5,4125.45,4149.5,4145.0,4120.7,1257415,5193163729.6,4184.75,3070.25,140800,INE467B01029,2024-02-13,2024-02-12T18:30:00.000Z,2024-02-13T12:01:03.638Z,2024-02-13T12:01:03.638Z,0,,4130.03,13-Feb-2024,
168,65ccab7f114f0fc8e21924db,TCS,EQ,N,4114.9,4049.5,4107.0,4100.1,4106.0,4149.5,1391283,5693275185.95,4184.75,3070.25,126863,INE467B01029,2024-02-14,2024-02-13T18:30:00.000Z,2024-02-14T12:01:03.590Z,2024-02-14T12:01:03.590Z,0,,4092.1,14-Feb-2024,
169,65cdfcffa24787a92a80e40f,TCS,EQ,N,4146.3,4083.0,4128.0,4103.2,4106.0,4100.1,1091582,4483499686.35,4184.75,3070.25,117286,INE467B01029,2024-02-15,2024-02-14T18:30:00.000Z,2024-02-15T12:01:03.958Z,2024-02-15T12:01:03.958Z,0,,4107.34,15-Feb-2024,
170,65cf4e7f2c2e3f1498b00c67,TCS,EQ,N,4147.95,4100.1,4113.25,4128.3,4122.3,4103.2,1307556,5392447497.55,4184.75,3070.25,125414,INE467B01029,2024-02-16,2024-02-15T18:30:00.000Z,2024-02-16T12:01:03.103Z,2024-02-16T12:01:03.103Z,0,,4124.07,16-Feb-2024,
171,6565d67feebd226fdec84569,TCS,EQ,N,3481.25,3433.0,3457.1,3470.15,3473.3,3457.1,1689195,5834649202.9,3679.0,3070.25,120747,INE467B01029,2023-11-28,2023-11-27T18:30:00.000Z,2023-11-28T12:01:03.573Z,2023-11-28T12:01:03.573Z,0,,3454.1,28-Nov-2023,
172,656727ff45164acaeba005ca,TCS,EQ,N,3518.0,3475.8,3481.0,3513.75,3514.6,3470.15,1441634,5050729225.7,3679.0,3070.25,140282,INE467B01029,2023-11-29,2023-11-28T18:30:00.000Z,2023-11-29T12:01:03.800Z,2023-11-29T12:01:03.800Z,0,,3503.48,29-Nov-2023,
173,6568797f1ea8db58784029ba,TCS,EQ,N,3516.65,3481.0,3499.45,3487.6,3487.9,3513.75,3266235,11407956559.4,3679.0,3070.25,136958,INE467B01029,2023-11-30,2023-11-29T18:30:00.000Z,2023-11-30T12:01:03.163Z,2023-11-30T12:01:03.163Z,0,,3492.69,30-Nov-2023,
174,6569caffd3a7a71b97dde22f,TCS,EQ,N,3516.95,3490.05,3500.0,3511.65,3512.0,3487.6,1172141,4106636662.55,3679.0,3070.25,90309,INE467B01029,2023-12-01,2023-11-30T18:30:00.000Z,2023-12-01T12:01:03.569Z,2023-12-01T12:01:03.569Z,0,,3503.53,01-Dec-2023,
175,656dbf80d80444e538169cce,TCS,EQ,N,3547.8,3498.0,3544.65,3512.45,3514.45,3511.65,1625213,5711934381.15,3679.0,3070.25,105864,INE467B01029,2023-12-04,2023-12-03T18:30:00.000Z,2023-12-04T12:01:04.096Z,2023-12-04T12:01:04.096Z,0,,3514.58,04-Dec-2023,
176,656f1100359b3f65baa11aa8,TCS,EQ,N,3538.0,3502.8,3538.0,3531.6,3533.6,3512.45,1377656,4850257950.2,3679.0,3070.25,74749,INE467B01029,2023-12-05,2023-12-04T18:30:00.000Z,2023-12-05T12:01:04.215Z,2023-12-05T12:01:04.215Z,0,,3520.66,05-Dec-2023,
177,65706280489ef73b425a8227,TCS,EQ,N,3612.85,3525.15,3532.6,3604.1,3600.6,3531.6,1896572,6777360136.5,3679.0,3070.25,109178,INE467B01029,2023-12-06,2023-12-05T18:30:00.000Z,2023-12-06T12:01:04.203Z,2023-12-06T12:01:04.203Z,0,,3573.48,06-Dec-2023,
178,6571b3fffbaef6c27be7281b,TCS,EQ,N,3630.55,3591.7,3605.0,3614.9,3618.0,3604.1,1967653,7114113153.35,3679.0,3070.25,169670,INE467B01029,2023-12-07,2023-12-06T18:30:00.000Z,2023-12-07T12:01:03.596Z,2023-12-07T12:01:03.596Z,0,,3615.53,07-Dec-2023,
179,6573057ff723570b2b87628e,TCS,EQ,N,3645.0,3602.05,3633.0,3626.7,3625.0,3614.9,1641155,5944690506.0,3679.0,3070.25,111965,INE467B01029,2023-12-08,2023-12-07T18:30:00.000Z,2023-12-08T12:01:03.709Z,2023-12-08T12:01:03.709Z,0,,3622.26,08-Dec-2023,
180,6576fa00f5908766b5b9d595,TCS,EQ,N,3653.0,3615.0,3622.9,3642.9,3643.0,3626.7,1102503,4011962538.6,3679.0,3070.25,79129,INE467B01029,2023-12-11,2023-12-10T18:30:00.000Z,2023-12-11T12:01:04.490Z,2023-12-11T12:01:04.490Z,0,,3638.96,11-Dec-2023,
181,65784b7fa8f1328d85f5e450,TCS,EQ,N,3698.4,3631.0,3638.95,3672.1,3665.5,3642.9,2236866,8216432575.75,3698.4,3070.25,193557,INE467B01029,2023-12-12,2023-12-11T18:30:00.000Z,2023-12-12T12:01:03.378Z,2023-12-12T12:01:03.378Z,0,,3673.19,12-Dec-2023,
182,65799d00ff3abeb12f9a726d,TCS,EQ,N,3650.0,3563.0,3643.55,3593.55,3597.0,3672.1,3850968,13850861323.25,3698.4,3070.25,307799,INE467B01029,2023-12-13,2023-12-12T18:30:00.000Z,2023-12-13T12:01:04.362Z,2023-12-13T12:01:04.362Z,0,,3596.72,13-Dec-2023,
183,657aee7e2d92d234416182b5,TCS,EQ,N,3678.0,3627.6,3630.0,3667.25,3670.0,3593.55,3290396,12056488520.3,3698.4,3070.25,217977,INE467B01029,2023-12-14,2023-12-13T18:30:00.000Z,2023-12-14T12:01:02.955Z,2023-12-14T12:01:02.955Z,0,,3664.15,14-Dec-2023,
184,657c400058cd7c4d8e823ef4,TCS,EQ,N,3895.95,3666.7,3666.7,3861.0,3871.0,3667.25,8531230,32504850648.6,3895.95,3070.25,363820,INE467B01029,2023-12-15,2023-12-14T18:30:00.000Z,2023-12-15T12:01:04.238Z,2023-12-15T12:01:04.238Z,0,,3810.1,15-Dec-2023,
185,6580347f5ef8474456dd1b2b,TCS,EQ,N,3929.0,3830.15,3858.1,3859.2,3856.0,3861.0,2521612,9765502705.8,3929.0,3070.25,178532,INE467B01029,2023-12-18,2023-12-17T18:30:00.000Z,2023-12-18T12:01:03.435Z,2023-12-18T12:01:03.435Z,0,,3872.72,18-Dec-2023,
186,658185fff52ebb2c4b75af3b,TCS,EQ,N,3855.1,3790.0,3845.0,3816.2,3808.0,3859.2,2004435,7646876716.95,3929.0,3070.25,133647,INE467B01029,2023-12-19,2023-12-18T18:30:00.000Z,2023-12-19T12:01:03.548Z,2023-12-19T12:01:03.548Z,0,,3814.98,19-Dec-2023,
187,6582d77f3a09e097b7d1141f,TCS,EQ,N,3898.8,3766.55,3827.25,3780.05,3774.0,3816.2,2586083,9933185211.45,3929.0,3070.25,173222,INE467B01029,2023-12-20,2023-12-19T18:30:00.000Z,2023-12-20T12:01:03.792Z,2023-12-20T12:01:03.792Z,0,,3841.02,20-Dec-2023,
188,658428ff271dc3563a5afb55,TCS,EQ,N,3806.7,3743.35,3756.25,3787.5,3796.65,3780.05,1517562,5741545164.75,3929.0,3070.25,141897,INE467B01029,2023-12-21,2023-12-20T18:30:00.000Z,2023-12-21T12:01:03.654Z,2023-12-21T12:01:03.654Z,0,,3783.4,21-Dec-2023,
189,65857a7f1c7fd48aa7ecb7e4,TCS,EQ,N,3845.95,3762.0,3800.0,3824.0,3814.0,3787.5,2413058,9181961989.95,3929.0,3070.25,210826,INE467B01029,2023-12-22,2023-12-21T18:30:00.000Z,2023-12-22T12:01:03.958Z,2023-12-22T12:01:03.958Z,0,,3805.11,22-Dec-2023,
190,658ac07f55487c5c282e55c0,TCS,EQ,N,3834.0,3790.15,3819.85,3795.55,3798.1,3824.0,1285231,4891912408.6,3929.0,3070.25,105834,INE467B01029,2023-12-26,2023-12-25T18:30:00.000Z,2023-12-26T12:01:03.264Z,2023-12-26T12:01:03.264Z,0,,3806.25,26-Dec-2023,
191,658c11ff3dcac5b895a9ae0f,TCS,EQ,N,3818.2,3768.0,3799.0,3811.2,3808.0,3795.55,1293976,4907556179.85,3929.0,3070.25,135647,INE467B01029,2023-12-27,2023-12-26T18:30:00.000Z,2023-12-27T12:01:03.927Z,2023-12-27T12:01:03.927Z,0,,3792.62,27-Dec-2023,
192,658d637f55a5f96115c51bab,TCS,EQ,N,3838.0,3792.1,3824.0,3799.9,3796.15,3811.2,1682889,6413855833.1,3929.0,3070.25,133761,INE467B01029,2023-12-28,2023-12-27T18:30:00.000Z,2023-12-28T12:01:03.390Z,2023-12-28T12:01:03.390Z,0,,3811.22,28-Dec-2023,
193,658eb4ff59ecfd0253b31e80,TCS,EQ,N,3822.6,3765.4,3792.0,3793.4,3800.0,3799.9,1574996,5980129693.8,3929.0,3070.25,131434,INE467B01029,2023-12-29,2023-12-28T18:30:00.000Z,2023-12-29T12:01:04.004Z,2023-12-29T12:01:04.004Z,0,,3796.92,29-Dec-2023,
194,6592a97fd65750cefa0ecddb,TCS,EQ,N,3832.0,3773.0,3790.0,3811.1,3803.0,3793.4,825907,3141974600.85,3929.0,3070.25,94008,INE467B01029,2024-01-01,2023-12-31T18:30:00.000Z,2024-01-01T12:01:03.910Z,2024-01-01T12:01:03.910Z,0,,3804.27,01-Jan-2024,
195,6593faff477df5351421c626,TCS,EQ,N,3811.1,3767.25,3811.1,3783.2,3781.15,3811.1,1344068,5090055959.15,3929.0,3070.25,133902,INE467B01029,2024-01-02,2024-01-01T18:30:00.000Z,2024-01-02T12:01:03.578Z,2024-01-02T12:01:03.578Z,0,,3787.05,02-Jan-2024,
196,65954c805fafc6a4b205f0e2,TCS,EQ,N,3771.85,3687.05,3767.0,3691.75,3692.6,3783.2,1803075,6692584987.5,3929.0,3070.25,208012,INE467B01029,2024-01-03,2024-01-02T18:30:00.000Z,2024-01-03T12:01:04.573Z,2024-01-03T12:01:04.573Z,0,,3711.76,03-Jan-2024,
197,65969dff05e0b9eee7e866c9,TCS,EQ,N,3719.0,3651.0,3701.75,3666.8,3668.6,3691.75,3598144,13199152251.35,3929.0,3070.25,220494,INE467B01029,2024-01-04,2024-01-03T18:30:00.000Z,2024-01-04T12:01:03.934Z,2024-01-04T12:01:03.934Z,0,,3668.32,04-Jan-2024,
198,6597ef7fc10efb305b15917a,TCS,EQ,N,3747.75,3674.85,3675.0,3737.9,3738.6,3666.8,1963127,7306170829.65,3929.0,3070.25,155406,INE467B01029,2024-01-05,2024-01-04T18:30:00.000Z,2024-01-05T12:01:03.550Z,2024-01-05T12:01:03.550Z,0,,3721.7,05-Jan-2024,
199,65311a80959d595a4eae8336,TCS,EQ,N,3476.85,3451.9,3469.5,3455.65,3454.8,3487.25,1514545,5243145783.65,3679.0,3070.25,164438,INE467B01029,2023-10-19,2023-10-18T18:30:00.000Z,2023-10-19T12:01:04.026Z,2023-10-19T12:01:04.026Z,0,,3461.86,19-Oct-2023,"[{'symbol': 'TCS', 'series': 'EQ', 'ind': '-', 'faceVal': '1', 'subject': 'Interim Dividend - Rs 9 Per Share', 'exDate': '19-Oct-2023', 'recDate': '19-Oct-2023', 'bcStartDate': '-', 'bcEndDate': '-', 'ndStartDate': '-', 'comp': 'Tata Consultancy Services Limited', 'isin': 'INE467B01029', 'ndEndDate': '-', 'caBroadcastDate': None}]"
200,65326bffe6836b64fac1336b,TCS,EQ,N,3499.5,3444.05,3450.4,3494.55,3491.85,3455.65,1481211,5162609717.1,3679.0,3070.25,142361,INE467B01029,2023-10-20,2023-10-19T18:30:00.000Z,2023-10-20T12:01:03.402Z,2023-10-20T12:01:03.402Z,0,,3485.4,20-Oct-2023,
201,6536607fa2df2de7c80291ba,TCS,EQ,N,3478.95,3401.3,3473.0,3410.15,3409.15,3494.55,1106272,3808455848.35,3679.0,3070.25,126787,INE467B01029,2023-10-23,2023-10-22T18:30:00.000Z,2023-10-23T12:01:03.659Z,2023-10-23T12:01:03.659Z,0,,3442.6,23-Oct-2023,
202,6539035ca0e6521fa7d3f629,TCS,EQ,N,3425.0,3377.2,3390.5,3390.1,3390.55,3410.15,1518537,5160213346.45,3679.0,3070.25,133032,INE467B01029,2023-10-25,2023-10-24T18:30:00.000Z,2023-10-25T12:00:28.278Z,2023-10-25T12:00:28.278Z,0,,3398.15,25-Oct-2023,
203,653a550030f66b36c534e173,TCS,EQ,N,3373.7,3330.0,3368.05,3336.75,3331.8,3390.1,1984471,6640734038.6,3679.0,3070.25,203800,INE467B01029,2023-10-26,2023-10-25T18:30:00.000Z,2023-10-26T12:01:04.185Z,2023-10-26T12:01:04.185Z,0,,3346.35,26-Oct-2023,
204,653ba67f6744ed752415b4b1,TCS,EQ,N,3362.0,3337.0,3350.0,3350.95,3350.0,3336.75,1108851,3715795757.45,3679.0,3070.25,112673,INE467B01029,2023-10-27,2023-10-26T18:30:00.000Z,2023-10-27T12:01:03.556Z,2023-10-27T12:01:03.556Z,0,,3351.03,27-Oct-2023,
205,653f9affa3f38096cbeff7ab,TCS,EQ,N,3382.85,3333.75,3350.0,3378.55,3381.0,3350.95,910972,3068672170.25,3679.0,3070.25,74251,INE467B01029,2023-10-30,2023-10-29T18:30:00.000Z,2023-10-30T12:01:03.123Z,2023-10-30T12:01:03.123Z,0,,3368.57,30-Oct-2023,
206,6540ec7f99b7affa0f2d5e73,TCS,EQ,N,3399.0,3350.05,3399.0,3368.75,3371.8,3378.55,999811,3367364685.15,3679.0,3070.25,109355,INE467B01029,2023-10-31,2023-10-30T18:30:00.000Z,2023-10-31T12:01:03.727Z,2023-10-31T12:01:03.727Z,0,,3368.0,31-Oct-2023,
207,65423dde61eb755b35812beb,TCS,EQ,N,3371.6,3311.0,3355.0,3330.65,3311.4,3368.75,1563475,5233296947.8,3679.0,3070.25,112623,INE467B01029,2023-11-01,2023-10-31T18:30:00.000Z,2023-11-01T12:00:30.373Z,2023-11-01T12:00:30.373Z,0,,3347.22,01-Nov-2023,
208,65438f616824bc705faf2072,TCS,EQ,N,3375.95,3343.2,3343.2,3360.1,3363.0,3330.65,1245384,4189448412.5,3679.0,3070.25,97073,INE467B01029,2023-11-02,2023-11-01T18:30:00.000Z,2023-11-02T12:00:33.174Z,2023-11-02T12:00:33.174Z,0,,3363.98,02-Nov-2023,
209,6544e0dc9e3bca1b1a823c11,TCS,EQ,N,3387.9,3344.3,3382.0,3350.9,3351.0,3360.1,1402598,4716646465.75,3679.0,3070.25,111516,INE467B01029,2023-11-03,2023-11-02T18:30:00.000Z,2023-11-03T12:00:28.555Z,2023-11-03T12:00:28.555Z,0,,3362.79,03-Nov-2023,
210,6548d7bb8ac61b12f385c7c7,TCS,EQ,N,3392.3,3359.0,3375.0,3380.25,3385.0,3350.9,1099852,3710928578.4,3679.0,3070.25,69041,INE467B01029,2023-11-06,2023-11-05T18:30:00.000Z,2023-11-06T12:10:35.251Z,2023-11-06T12:10:35.251Z,0,,3374.03,06-Nov-2023,
211,654a26ffca401968c09f4159,TCS,EQ,N,3404.15,3366.0,3378.0,3370.45,3371.55,3380.25,1191144,4023994967.2,3679.0,3070.25,82322,INE467B01029,2023-11-07,2023-11-06T18:30:00.000Z,2023-11-07T12:01:04.000Z,2023-11-07T12:01:04.000Z,0,,3378.26,07-Nov-2023,
212,654b78648835ac0ede21a9bf,TCS,EQ,N,3401.95,3369.55,3371.45,3381.55,3382.65,3370.45,992899,3363852490.7,3679.0,3070.25,91615,INE467B01029,2023-11-08,2023-11-07T18:30:00.000Z,2023-11-08T12:00:36.058Z,2023-11-08T12:00:36.058Z,0,,3387.91,08-Nov-2023,
213,654cc9dc78fcb66214586ca4,TCS,EQ,N,3391.5,3342.05,3390.1,3347.45,3350.0,3381.55,2112352,7105080612.55,3679.0,3070.25,146431,INE467B01029,2023-11-09,2023-11-08T18:30:00.000Z,2023-11-09T12:00:28.289Z,2023-11-09T12:00:28.289Z,0,,3363.59,09-Nov-2023,
214,654e1b7e569fa1e53c8f817b,TCS,EQ,N,3347.45,3322.35,3338.0,3333.45,3341.0,3347.45,1338557,4459665543.6,3679.0,3070.25,93667,INE467B01029,2023-11-10,2023-11-09T18:30:00.000Z,2023-11-10T12:01:02.948Z,2023-11-10T12:01:02.948Z,0,,3331.7,10-Nov-2023,
215,6550ec6e5eddf35b8b97f338,TCS,EQ,N,3359.0,3345.0,3350.0,3357.3,3358.9,3333.45,173346,581697254.35,3679.0,3070.25,22226,INE467B01029,2023-11-12,2023-11-11T18:30:00.000Z,2023-11-12T15:17:02.828Z,2023-11-12T15:17:02.828Z,0,,3355.7,12-Nov-2023,
216,65520fff03e0ab3f548efa83,TCS,EQ,N,3356.0,3327.0,3356.0,3331.55,3332.0,3357.3,1030990,3436731318.9,3679.0,3070.25,92128,INE467B01029,2023-11-13,2023-11-12T18:30:00.000Z,2023-11-13T12:01:03.240Z,2023-11-13T12:01:03.240Z,0,,3333.43,13-Nov-2023,
217,6554b2dfebf43376cfba30d9,TCS,EQ,N,3413.0,3356.05,3383.1,3404.3,3408.6,3331.55,2059802,6983037380.85,3679.0,3070.25,117652,INE467B01029,2023-11-15,2023-11-14T18:30:00.000Z,2023-11-15T12:00:31.027Z,2023-11-15T12:00:31.027Z,0,,3390.15,15-Nov-2023,
218,6556047ffe9d8625499d39fc,TCS,EQ,N,3529.35,3414.2,3430.05,3497.85,3497.0,3404.3,3951984,13770516229.1,3679.0,3070.25,256300,INE467B01029,2023-11-16,2023-11-15T18:30:00.000Z,2023-11-16T12:01:04.004Z,2023-11-16T12:01:04.004Z,0,,3484.46,16-Nov-2023,
219,655755ffba15dff83b4940fd,TCS,EQ,N,3524.5,3492.55,3497.85,3502.45,3499.0,3497.85,2021292,7094891279.55,3679.0,3070.25,159877,INE467B01029,2023-11-17,2023-11-16T18:30:00.000Z,2023-11-17T12:01:03.457Z,2023-11-17T12:01:03.457Z,0,,3510.08,17-Nov-2023,
220,655b4a7f7fbd5396f6225d9f,TCS,EQ,N,3533.9,3491.25,3491.25,3519.6,3520.0,3502.45,1475621,5191524462.85,3679.0,3070.25,133758,INE467B01029,2023-11-20,2023-11-19T18:30:00.000Z,2023-11-20T12:01:03.840Z,2023-11-20T12:01:03.840Z,0,,3518.2,20-Nov-2023,
221,655c9bffe0f7393b3a7893b8,TCS,EQ,N,3539.05,3501.0,3519.6,3510.2,3510.0,3519.6,1807236,6371610015.95,3679.0,3070.25,141954,INE467B01029,2023-11-21,2023-11-20T18:30:00.000Z,2023-11-21T12:01:03.319Z,2023-11-21T12:01:03.319Z,0,,3525.61,21-Nov-2023,
222,655ded62c2070797de8354e7,TCS,EQ,N,3532.65,3481.1,3500.0,3530.15,3530.5,3510.2,1798051,6312427531.7,3679.0,3070.25,121170,INE467B01029,2023-11-22,2023-11-21T18:30:00.000Z,2023-11-22T12:00:34.187Z,2023-11-22T12:00:34.187Z,0,,3510.71,22-Nov-2023,
223,655f3eff55ad237b659c83ec,TCS,EQ,N,3544.0,3500.0,3530.0,3508.25,3507.0,3530.15,2729804,9600272250.3,3679.0,3070.25,170315,INE467B01029,2023-11-23,2023-11-22T18:30:00.000Z,2023-11-23T12:01:03.154Z,2023-11-23T12:01:03.154Z,0,,3516.84,23-Nov-2023,
224,6560907f2ae99d7f07ea9fa4,TCS,EQ,N,3504.55,3453.0,3494.25,3457.1,3454.0,3508.25,1989733,6913359986.45,3679.0,3070.25,137682,INE467B01029,2023-11-24,2023-11-23T18:30:00.000Z,2023-11-24T12:01:03.686Z,2023-11-24T12:01:03.686Z,0,,3474.52,24-Nov-2023,"[{'symbol': 'TCS', 'series': 'EQ', 'ind': '-', 'faceVal': '1', 'subject': 'Buy Back', 'exDate': '24-Nov-2023', 'recDate': '25-Nov-2023', 'bcStartDate': '-', 'bcEndDate': '-', 'ndStartDate': '-', 'comp': 'Tata Consultancy Services Limited', 'isin': 'INE467B01029', 'ndEndDate': '-', 'caBroadcastDate': None}]"
225,6565d65ce9eecb1f95eebad4,TCS,EQ,N,3481.25,3433.0,3457.1,3470.15,3473.3,3457.1,1689195,5834649202.9,3679.0,3070.25,120747,INE467B01029,2023-11-28,2023-11-27T18:30:00.000Z,2023-11-28T12:00:28.334Z,2023-11-28T12:00:28.334Z,0,,3454.1,28-Nov-2023,
226,64ff015f9ae661ba70e58040,TCS,EQ,N,3485.7,3445.0,3462.0,3480.65,3481.0,3441.9,1783604,6192269892.25,3575.0,2926.1,111418,INE467B01029,2023-09-11,2023-09-10T18:30:00.000Z,2023-09-11T12:00:31.302Z,2023-09-11T12:00:31.302Z,0,,3471.77,11-Sep-2023,
227,650052de2ee2876c8ae28d59,TCS,EQ,N,3589.9,3483.0,3492.0,3580.8,3572.6,3480.65,4476016,15891401853.45,3589.9,2926.1,242752,INE467B01029,2023-09-12,2023-09-11T18:30:00.000Z,2023-09-12T12:00:30.788Z,2023-09-12T12:00:30.788Z,0,,3550.35,12-Sep-2023,
228,6501a45ffe6ec3bc9d3e4e46,TCS,EQ,N,3588.85,3545.0,3571.1,3567.85,3561.5,3580.8,1754929,6261806697.4,3589.9,2926.1,138829,INE467B01029,2023-09-13,2023-09-12T18:30:00.000Z,2023-09-13T12:00:31.443Z,2023-09-13T12:00:31.443Z,0,,3568.13,13-Sep-2023,
229,6502f5de27df462662ca60d0,TCS,EQ,N,3597.7,3545.6,3570.05,3560.05,3562.35,3567.85,2604721,9281527868.2,3597.7,2926.1,146192,INE467B01029,2023-09-14,2023-09-13T18:30:00.000Z,2023-09-14T12:00:31.002Z,2023-09-14T12:00:31.002Z,0,,3563.35,14-Sep-2023,
230,6504475e2478ca0e7abd1f67,TCS,EQ,N,3607.35,3562.45,3567.85,3598.3,3591.55,3560.05,2952897,10606611878.75,3607.35,2926.1,139252,INE467B01029,2023-09-15,2023-09-14T18:30:00.000Z,2023-09-15T12:00:30.498Z,2023-09-15T12:00:30.498Z,0,,3591.93,15-Sep-2023,
231,65083bff21398656f86e3197,TCS,EQ,N,3619.3,3575.25,3580.05,3606.15,3605.0,3598.3,1395753,5031835082.65,3619.3,2926.1,97296,INE467B01029,2023-09-18,2023-09-17T18:30:00.000Z,2023-09-18T12:01:03.821Z,2023-09-18T12:01:03.821Z,0,,3605.1,18-Sep-2023,
232,650adeff5ae8760c8d1244c1,TCS,EQ,N,3625.0,3580.0,3580.0,3606.05,3600.1,3606.15,1649396,5957855338.4,3625.0,2926.1,127927,INE467B01029,2023-09-20,2023-09-19T18:30:00.000Z,2023-09-20T12:01:03.501Z,2023-09-20T12:01:03.501Z,0,,3612.14,20-Sep-2023,
233,650c307ff681a73439f7fed3,TCS,EQ,N,3605.0,3528.0,3588.55,3585.3,3586.0,3606.05,2004073,7134447228.5,3625.0,2926.1,151219,INE467B01029,2023-09-21,2023-09-20T18:30:00.000Z,2023-09-21T12:01:03.741Z,2023-09-21T12:01:03.741Z,0,,3559.97,21-Sep-2023,
234,650d81fff5c81ccb177c560d,TCS,EQ,N,3633.75,3565.05,3584.0,3603.65,3604.0,3585.3,1989083,7170827508.35,3633.75,2926.1,152937,INE467B01029,2023-09-22,2023-09-21T18:30:00.000Z,2023-09-22T12:01:03.178Z,2023-09-22T12:01:03.178Z,0,,3605.09,22-Sep-2023,
235,6511767f6f2c0a1b4b125cfa,TCS,EQ,N,3620.0,3558.65,3602.5,3577.15,3569.8,3603.65,1238778,4434448253.85,3633.75,2926.1,82519,INE467B01029,2023-09-25,2023-09-24T18:30:00.000Z,2023-09-25T12:01:03.106Z,2023-09-25T12:01:03.106Z,0,,3579.7,25-Sep-2023,
236,6512c7dce09fff5837485a7b,TCS,EQ,N,3594.95,3536.0,3567.6,3585.7,3590.0,3577.15,1726062,6147386173.95,3633.75,2926.1,113798,INE467B01029,2023-09-26,2023-09-25T18:30:00.000Z,2023-09-26T12:00:28.981Z,2023-09-26T12:00:28.981Z,0,,3561.51,26-Sep-2023,
237,6514195fa2aafd6ad4b52942,TCS,EQ,N,3614.0,3555.7,3590.0,3589.3,3586.0,3585.7,1541134,5528296992.85,3633.75,2926.1,104230,INE467B01029,2023-09-27,2023-09-26T18:30:00.000Z,2023-09-27T12:00:31.184Z,2023-09-27T12:00:31.184Z,0,,3587.16,27-Sep-2023,
238,65156ade82b3fd3efb42e6d7,TCS,EQ,N,3602.8,3527.35,3600.0,3536.75,3549.0,3589.3,1755753,6247135882.45,3633.75,2926.1,127091,INE467B01029,2023-09-28,2023-09-27T18:30:00.000Z,2023-09-28T12:00:30.878Z,2023-09-28T12:00:30.878Z,0,,3558.09,28-Sep-2023,
239,6516bc7f71dfda05227eee90,TCS,EQ,N,3568.45,3505.55,3537.2,3528.6,3525.0,3536.75,2243791,7936167438.85,3633.75,2926.1,134776,INE467B01029,2023-09-29,2023-09-28T18:30:00.000Z,2023-09-29T12:01:03.269Z,2023-09-29T12:01:03.269Z,0,,3536.95,29-Sep-2023,
240,651c025e1be9dfb0191fbd7a,TCS,EQ,N,3534.2,3480.1,3534.2,3513.85,3507.1,3528.6,1948148,6834465531.05,3633.75,2974.0,134041,INE467B01029,2023-10-03,2023-10-02T18:30:00.000Z,2023-10-03T12:00:30.902Z,2023-10-03T12:00:30.902Z,0,,3508.19,03-Oct-2023,
241,651d53dc7c3b46193f821305,TCS,EQ,N,3548.0,3477.3,3486.3,3537.75,3545.0,3513.85,1788138,6267337422.0,3633.75,2974.0,102259,INE467B01029,2023-10-04,2023-10-03T18:30:00.000Z,2023-10-04T12:00:28.828Z,2023-10-04T12:00:28.828Z,0,,3504.95,04-Oct-2023,
242,651ea55ee5feb020ec2047bf,TCS,EQ,N,3624.0,3551.2,3554.0,3589.35,3590.0,3537.75,2990768,10735300327.6,3633.75,2974.0,195202,INE467B01029,2023-10-05,2023-10-04T18:30:00.000Z,2023-10-05T12:00:30.044Z,2023-10-05T12:00:30.044Z,0,,3589.48,05-Oct-2023,
243,651ff70023d5cab0dd37e948,TCS,EQ,N,3634.95,3575.05,3591.0,3621.4,3621.25,3589.35,2075691,7485547134.95,3634.95,2974.0,157117,INE467B01029,2023-10-06,2023-10-05T18:30:00.000Z,2023-10-06T12:01:04.014Z,2023-10-06T12:01:04.014Z,0,,3606.29,06-Oct-2023,
244,6523eb5e48a89b0f72d54898,TCS,EQ,N,3679.0,3631.0,3645.05,3638.35,3633.0,3621.4,4233074,15462357801.5,3679.0,3005.0,337303,INE467B01029,2023-10-09,2023-10-08T18:30:00.000Z,2023-10-09T12:00:30.598Z,2023-10-09T12:00:30.598Z,0,,3652.75,09-Oct-2023,
245,65253cff84944aaf76906676,TCS,EQ,N,3648.0,3601.35,3640.05,3628.9,3629.5,3638.35,1848148,6697511578.25,3679.0,3005.0,170957,INE467B01029,2023-10-10,2023-10-09T18:30:00.000Z,2023-10-10T12:01:03.822Z,2023-10-10T12:01:03.822Z,0,,3623.9,10-Oct-2023,
246,65268e7f4e688d14b41d4e9e,TCS,EQ,N,3650.0,3605.0,3650.0,3609.9,3613.0,3628.9,2426417,8797500442.75,3679.0,3005.0,151957,INE467B01029,2023-10-11,2023-10-10T18:30:00.000Z,2023-10-11T12:01:03.606Z,2023-10-11T12:01:03.606Z,0,,3625.72,11-Oct-2023,
247,6527dfde3a61f2389d029561,TCS,EQ,N,3588.65,3538.1,3575.0,3542.55,3543.0,3609.9,4241281,15079440683.5,3679.0,3005.0,314201,INE467B01029,2023-10-12,2023-10-11T18:30:00.000Z,2023-10-12T12:00:30.795Z,2023-10-12T12:00:30.795Z,0,,3555.4,12-Oct-2023,
248,6529315c7e06b7a5633d3a4c,TCS,EQ,N,3577.0,3525.0,3530.0,3570.85,3574.3,3542.55,2890357,10296267661.05,3679.0,3005.0,262330,INE467B01029,2023-10-13,2023-10-12T18:30:00.000Z,2023-10-13T12:00:28.727Z,2023-10-13T12:00:28.727Z,0,,3562.28,13-Oct-2023,
249,652d25ffd35d2e3d668fca27,TCS,EQ,N,3574.65,3519.1,3566.0,3524.05,3521.0,3570.85,1671104,5914086791.5,3679.0,3070.25,162600,INE467B01029,2023-10-16,2023-10-15T18:30:00.000Z,2023-10-16T12:01:03.926Z,2023-10-16T12:01:03.926Z,0,,3539.03,16-Oct-2023,
250,652e7780da51b11f693a75a2,TCS,EQ,N,3534.15,3503.35,3530.0,3507.05,3509.0,3524.05,1672065,5879254819.95,3679.0,3070.25,125942,INE467B01029,2023-10-17,2023-10-16T18:30:00.000Z,2023-10-17T12:01:04.024Z,2023-10-17T12:01:04.024Z,0,,3516.16,17-Oct-2023,
251,652fc8ffc21d30a67d2d3606,TCS,EQ,N,3522.7,3484.0,3511.0,3487.25,3492.5,3507.05,1408245,4929245451.05,3679.0,3070.25,147692,INE467B01029,2023-10-18,2023-10-17T18:30:00.000Z,2023-10-18T12:01:03.578Z,2023-10-18T12:01:03.578Z,0,,3500.28,18-Oct-2023,
252,65311a80959d595a4eae8336,TCS,EQ,N,3476.85,3451.9,3469.5,3455.65,3454.8,3487.25,1514545,5243145783.65,3679.0,3070.25,164438,INE467B01029,2023-10-19,2023-10-18T18:30:00.000Z,2023-10-19T12:01:04.026Z,2023-10-19T12:01:04.026Z,0,,3461.86,19-Oct-2023,"[{'symbol': 'TCS', 'series': 'EQ', 'ind': '-', 'faceVal': '1', 'subject': 'Interim Dividend - Rs 9 Per Share', 'exDate': '19-Oct-2023', 'recDate': '19-Oct-2023', 'bcStartDate': '-', 'bcEndDate': '-', 'ndStartDate': '-', 'comp': 'Tata Consultancy Services Limited', 'isin': 'INE467B01029', 'ndEndDate': '-', 'caBroadcastDate': None}]"
